"Kod";"Nazwa";"ogółem;ogółem;2024;[osoba]";
0000000;"POLSKA";37489087;
0200000;"DOLNOŚLĄSKIE";2868242;
0201000;"Powiat bolesławiecki";87255;
0201011;"Bolesławiec (1)";36795;
0201022;"Bolesławiec (2)";15359;
0201032;"Gromadka (2)";4978;
0201043;"Nowogrodziec (3)";14523;
0201044;"Nowogrodziec - miasto (4)";4050;
0201045;"Nowogrodziec - obszar wiejski (5)";10473;
0201052;"Osiecznica (2)";7198;
0201062;"Warta Bolesławiecka (2)";8402;
0202000;"Powiat dzierżoniowski";93863;
0202011;"Bielawa (1)";27713;
0202021;"Dzierżoniów (1)";30312;
0202033;"Pieszyce (3)";8876;
0202034;"Pieszyce - miasto (4)";6750;
0202035;"Pieszyce - obszar wiejski (5)";2126;
0202041;"Piława Górna (1)";5847;
0202052;"Dzierżoniów (2)";9109;
0202062;"Łagiewniki (2)";7033;
0202073;"Niemcza (3)";4973;
0202074;"Niemcza - miasto (4)";2650;
0202075;"Niemcza - obszar wiejski (5)";2323;
0203000;"Powiat głogowski";84387;
0203011;"Głogów (1)";61206;
0203022;"Głogów (2)";7260;
0203032;"Jerzmanowa (2)";5983;
0203042;"Kotla (2)";4414;
0203052;"Pęcław (2)";2126;
0203062;"Żukowice (2)";3398;
0204000;"Powiat górowski";32054;
0204013;"Góra (3)";18294;
0204014;"Góra - miasto (4)";10623;
0204015;"Góra - obszar wiejski (5)";7671;
0204022;"Jemielno (2)";2636;
0204032;"Niechlów (2)";4454;
0204043;"Wąsosz (3)";6670;
0204044;"Wąsosz - miasto (4)";2510;
0204045;"Wąsosz - obszar wiejski (5)";4160;
0205000;"Powiat jaworski";46822;
0205011;"Jawor (1)";20298;
0205023;"Bolków (3)";9497;
0205024;"Bolków - miasto (4)";4601;
0205025;"Bolków - obszar wiejski (5)";4896;
0205032;"Męcinka (2)";5222;
0205042;"Mściwojów (2)";3943;
0205052;"Paszowice (2)";4181;
0205062;"Wądroże Wielkie (2)";3681;
0206000;"Powiat karkonoski";59864;
0206011;"Karpacz (1)";4140;
0206021;"Kowary (1)";9520;
0206031;"Piechowice (1)";5668;
0206041;"Szklarska Poręba (1)";5588;
0206052;"Janowice Wielkie (2)";4046;
0206062;"Jeżów Sudecki (2)";8002;
0206072;"Mysłakowice (2)";9545;
0206082;"Podgórzyn (2)";8111;
0206092;"Stara Kamienica (2)";5244;
0207000;"Powiat kamiennogórski";39875;
0207011;"Kamienna Góra (1)";16838;
0207022;"Kamienna Góra (2)";8816;
0207033;"Lubawka (3)";10004;
0207034;"Lubawka - miasto (4)";5469;
0207035;"Lubawka - obszar wiejski (5)";4535;
0207042;"Marciszów (2)";4217;
0208000;"Powiat kłodzki";145243;
0208011;"Duszniki-Zdrój (1)";3907;
0208021;"Kłodzko (1)";24503;
0208031;"Kudowa-Zdrój (1)";9145;
0208041;"Nowa Ruda (1)";20100;
0208051;"Polanica-Zdrój (1)";5800;
0208063;"Bystrzyca Kłodzka (3)";17074;
0208064;"Bystrzyca Kłodzka - miasto (4)";8802;
0208065;"Bystrzyca Kłodzka - obszar wiejski (5)";8272;
0208072;"Kłodzko (2)";16369;
0208083;"Lądek-Zdrój (3)";7379;
0208084;"Lądek-Zdrój - miasto (4)";4862;
0208085;"Lądek-Zdrój - obszar wiejski (5)";2517;
0208092;"Lewin Kłodzki (2)";1947;
0208103;"Międzylesie (3)";6695;
0208104;"Międzylesie - miasto (4)";2353;
0208105;"Międzylesie - obszar wiejski (5)";4342;
0208112;"Nowa Ruda (2)";10479;
0208123;"Radków (3)";8330;
0208124;"Radków - miasto (4)";2209;
0208125;"Radków - obszar wiejski (5)";6121;
0208133;"Stronie Śląskie (3)";6702;
0208134;"Stronie Śląskie - miasto (4)";4910;
0208135;"Stronie Śląskie - obszar wiejski (5)";1792;
0208143;"Szczytna (3)";6813;
0208144;"Szczytna - miasto (4)";4742;
0208145;"Szczytna - obszar wiejski (5)";2071;
0209000;"Powiat legnicki";54967;
0209011;"Chojnów (1)";12243;
0209022;"Chojnów (2)";9425;
0209032;"Krotoszyce (2)";3312;
0209042;"Kunice (2)";7782;
0209052;"Legnickie Pole (2)";5353;
0209062;"Miłkowice (2)";7400;
0209073;"Prochowice (3)";7062;
0209074;"Prochowice - miasto (4)";3470;
0209075;"Prochowice - obszar wiejski (5)";3592;
0209082;"Ruja (2)";2390;
0210000;"Powiat lubański";50909;
0210011;"Lubań (1)";19257;
0210021;"Świeradów-Zdrój (1)";3906;
0210033;"Leśna (3)";9169;
0210034;"Leśna - miasto (4)";3942;
0210035;"Leśna - obszar wiejski (5)";5227;
0210042;"Lubań (2)";6462;
0210053;"Olszyna (3)";6262;
0210054;"Olszyna - miasto (4)";4282;
0210055;"Olszyna - obszar wiejski (5)";1980;
0210062;"Platerówka (2)";1487;
0210072;"Siekierczyn (2)";4366;
0211000;"Powiat lubiński";102376;
0211011;"Lubin (1)";66864;
0211022;"Lubin (2)";18812;
0211032;"Rudna (2)";7428;
0211043;"Ścinawa (3)";9272;
0211044;"Ścinawa - miasto (4)";5229;
0211045;"Ścinawa - obszar wiejski (5)";4043;
0212000;"Powiat lwówecki";42465;
0212013;"Gryfów Śląski (3)";9036;
0212014;"Gryfów Śląski - miasto (4)";6061;
0212015;"Gryfów Śląski - obszar wiejski (5)";2975;
0212023;"Lubomierz (3)";5589;
0212024;"Lubomierz - miasto (4)";1772;
0212025;"Lubomierz - obszar wiejski (5)";3817;
0212033;"Lwówek Śląski (3)";15907;
0212034;"Lwówek Śląski - miasto (4)";8015;
0212035;"Lwówek Śląski - obszar wiejski (5)";7892;
0212043;"Mirsk (3)";8067;
0212044;"Mirsk - miasto (4)";3551;
0212045;"Mirsk - obszar wiejski (5)";4516;
0212053;"Wleń (3)";3866;
0212054;"Wleń - miasto (4)";1564;
0212055;"Wleń - obszar wiejski (5)";2302;
0213000;"Powiat milicki";35396;
0213012;"Cieszków (2)";4561;
0213022;"Krośnice (2)";7940;
0213033;"Milicz (3)";22895;
0213034;"Milicz - miasto (4)";10606;
0213035;"Milicz - obszar wiejski (5)";12289;
0214000;"Powiat oleśnicki";106706;
0214011;"Oleśnica (1)";34914;
0214023;"Bierutów (3)";9193;
0214024;"Bierutów - miasto (4)";4418;
0214025;"Bierutów - obszar wiejski (5)";4775;
0214032;"Dobroszyce (2)";7412;
0214042;"Dziadowa Kłoda (2)";4578;
0214053;"Międzybórz (3)";4973;
0214054;"Międzybórz - miasto (4)";2292;
0214055;"Międzybórz - obszar wiejski (5)";2681;
0214062;"Oleśnica (2)";16635;
0214073;"Syców (3)";16534;
0214074;"Syców - miasto (4)";9920;
0214075;"Syców - obszar wiejski (5)";6614;
0214083;"Twardogóra (3)";12467;
0214084;"Twardogóra - miasto (4)";6111;
0214085;"Twardogóra - obszar wiejski (5)";6356;
0215000;"Powiat oławski";77387;
0215011;"Oława (1)";33086;
0215022;"Domaniów (2)";4853;
0215033;"Jelcz-Laskowice (3)";23751;
0215034;"Jelcz-Laskowice - miasto (4)";14912;
0215035;"Jelcz-Laskowice - obszar wiejski (5)";8839;
0215042;"Oława (2)";15697;
0216000;"Powiat polkowicki";60913;
0216013;"Chocianów (3)";12323;
0216014;"Chocianów - miasto (4)";7270;
0216015;"Chocianów - obszar wiejski (5)";5053;
0216022;"Gaworzyce (2)";3750;
0216032;"Grębocice (2)";5299;
0216043;"Polkowice (3)";26697;
0216044;"Polkowice - miasto (4)";21090;
0216045;"Polkowice - obszar wiejski (5)";5607;
0216053;"Przemków (3)";7696;
0216054;"Przemków - miasto (4)";5506;
0216055;"Przemków - obszar wiejski (5)";2190;
0216062;"Radwanice (2)";5148;
0217000;"Powiat strzeliński";41473;
0217012;"Borów (2)";4986;
0217022;"Kondratowice (2)";3929;
0217032;"Przeworno (2)";4467;
0217043;"Strzelin (3)";21347;
0217044;"Strzelin - miasto (4)";11841;
0217045;"Strzelin - obszar wiejski (5)";9506;
0217053;"Wiązów (3)";6744;
0217054;"Wiązów - miasto (4)";2233;
0217055;"Wiązów - obszar wiejski (5)";4511;
0218000;"Powiat średzki";59713;
0218012;"Kostomłoty (2)";7151;
0218022;"Malczyce (2)";5631;
0218033;"Miękinia (3)";22403;
0218034;"Miękinia - miasto (4)";2150;
0218035;"Miękinia - obszar wiejski (5)";20253;
0218043;"Środa Śląska (3)";19773;
0218044;"Środa Śląska - miasto (4)";9520;
0218045;"Środa Śląska - obszar wiejski (5)";10253;
0218052;"Udanin (2)";4755;
0219000;"Powiat świdnicki";149312;
0219011;"Świdnica (1)";52050;
0219021;"Świebodzice (1)";21634;
0219032;"Dobromierz (2)";4850;
0219043;"Jaworzyna Śląska (3)";10256;
0219044;"Jaworzyna Śląska - miasto (4)";5015;
0219045;"Jaworzyna Śląska - obszar wiejski (5)";5241;
0219052;"Marcinowice (2)";6376;
0219063;"Strzegom (3)";23996;
0219064;"Strzegom - miasto (4)";14813;
0219065;"Strzegom - obszar wiejski (5)";9183;
0219072;"Świdnica (2)";18114;
0219083;"Żarów (3)";12036;
0219084;"Żarów - miasto (4)";6334;
0219085;"Żarów - obszar wiejski (5)";5702;
0220000;"Powiat trzebnicki";87765;
0220013;"Oborniki Śląskie (3)";21122;
0220014;"Oborniki Śląskie - miasto (4)";8914;
0220015;"Oborniki Śląskie - obszar wiejski (5)";12208;
0220023;"Prusice (3)";9258;
0220024;"Prusice - miasto (4)";2102;
0220025;"Prusice - obszar wiejski (5)";7156;
0220033;"Trzebnica (3)";25077;
0220034;"Trzebnica - miasto (4)";13575;
0220035;"Trzebnica - obszar wiejski (5)";11502;
0220042;"Wisznia Mała (2)";12305;
0220052;"Zawonia (2)";5888;
0220063;"Żmigród (3)";14115;
0220064;"Żmigród - miasto (4)";6193;
0220065;"Żmigród - obszar wiejski (5)";7922;
0221000;"Powiat wałbrzyski";52275;
0221011;"Boguszów-Gorce (1)";14079;
0221021;"Jedlina-Zdrój (1)";4578;
0221031;"Szczawno-Zdrój (1)";5180;
0221042;"Czarny Bór (2)";4717;
0221053;"Głuszyca (3)";7952;
0221054;"Głuszyca - miasto (4)";5829;
0221055;"Głuszyca - obszar wiejski (5)";2123;
0221063;"Mieroszów (3)";6099;
0221064;"Mieroszów - miasto (4)";3676;
0221065;"Mieroszów - obszar wiejski (5)";2423;
0221072;"Stare Bogaczowice (2)";4344;
0221082;"Walim (2)";5326;
0222000;"Powiat wołowski";45112;
0222013;"Brzeg Dolny (3)";15992;
0222014;"Brzeg Dolny - miasto (4)";12395;
0222015;"Brzeg Dolny - obszar wiejski (5)";3597;
0222022;"Wińsko (2)";7786;
0222033;"Wołów (3)";21334;
0222034;"Wołów - miasto (4)";11942;
0222035;"Wołów - obszar wiejski (5)";9392;
0223000;"Powiat wrocławski";191110;
0223012;"Czernica (2)";24933;
0223022;"Długołęka (2)";44927;
0223032;"Jordanów Śląski (2)";3275;
0223043;"Kąty Wrocławskie (3)";30672;
0223044;"Kąty Wrocławskie - miasto (4)";7127;
0223045;"Kąty Wrocławskie - obszar wiejski (5)";23545;
0223052;"Kobierzyce (2)";25421;
0223062;"Mietków (2)";3760;
0223073;"Sobótka (3)";13076;
0223074;"Sobótka - miasto (4)";7076;
0223075;"Sobótka - obszar wiejski (5)";6000;
0223083;"Siechnice (3)";31002;
0223084;"Siechnice - miasto (4)";11366;
0223085;"Siechnice - obszar wiejski (5)";19636;
0223092;"Żórawina (2)";14044;
0224000;"Powiat ząbkowicki";59803;
0224013;"Bardo (3)";4866;
0224014;"Bardo - miasto (4)";2276;
0224015;"Bardo - obszar wiejski (5)";2590;
0224022;"Ciepłowody (2)";2780;
0224033;"Kamieniec Ząbkowicki (3)";7358;
0224034;"Kamieniec Ząbkowicki - miasto (4)";4291;
0224035;"Kamieniec Ząbkowicki - obszar wiejski (5)";3067;
0224042;"Stoszowice (2)";5083;
0224053;"Ząbkowice Śląskie (3)";20409;
0224054;"Ząbkowice Śląskie - miasto (4)";14032;
0224055;"Ząbkowice Śląskie - obszar wiejski (5)";6377;
0224063;"Ziębice (3)";15350;
0224064;"Ziębice - miasto (4)";7865;
0224065;"Ziębice - obszar wiejski (5)";7485;
0224073;"Złoty Stok (3)";3957;
0224074;"Złoty Stok - miasto (4)";2378;
0224075;"Złoty Stok - obszar wiejski (5)";1579;
0225000;"Powiat zgorzelecki";84337;
0225011;"Zawidów (1)";3729;
0225021;"Zgorzelec (1)";28466;
0225033;"Bogatynia (3)";21036;
0225034;"Bogatynia - miasto (4)";15852;
0225035;"Bogatynia - obszar wiejski (5)";5184;
0225043;"Pieńsk (3)";8627;
0225044;"Pieńsk - miasto (4)";5402;
0225045;"Pieńsk - obszar wiejski (5)";3225;
0225052;"Sulików (2)";5800;
0225063;"Węgliniec (3)";7697;
0225064;"Węgliniec - miasto (4)";2632;
0225065;"Węgliniec - obszar wiejski (5)";5065;
0225072;"Zgorzelec (2)";8982;
0226000;"Powiat złotoryjski";40213;
0226011;"Wojcieszów (1)";3377;
0226021;"Złotoryja (1)";14000;
0226032;"Pielgrzymka (2)";4145;
0226043;"Świerzawa (3)";6961;
0226044;"Świerzawa - miasto (4)";1980;
0226045;"Świerzawa - obszar wiejski (5)";4981;
0226052;"Zagrodno (2)";4805;
0226062;"Złotoryja (2)";6925;
0261000;"Powiat m. Jelenia Góra";74194;
0261011;"Jelenia Góra (1)";74194;
0262000;"Powiat m. Legnica";90823;
0262011;"Legnica (1)";90823;
0264000;"Powiat m. Wrocław";672882;
0264011;"Wrocław (1)";672882;
0265000;"Powiat m. Wałbrzych od 2013";98748;
0265011;"Wałbrzych od 2013 (1)";98748;
0400000;"KUJAWSKO-POMORSKIE";1984479;
0401000;"Powiat aleksandrowski";53086;
0401011;"Aleksandrów Kujawski (1)";11426;
0401021;"Ciechocinek (1)";10018;
0401031;"Nieszawa (1)";1747;
0401042;"Aleksandrów Kujawski (2)";12002;
0401052;"Bądkowo (2)";3997;
0401062;"Koneck (2)";3085;
0401072;"Raciążek (2)";3130;
0401082;"Waganiec (2)";4383;
0401092;"Zakrzewo (2)";3298;
0402000;"Powiat brodnicki";77345;
0402011;"Brodnica (1)";27940;
0402022;"Bobrowo (2)";5987;
0402032;"Brodnica (2)";9630;
0402042;"Brzozie (2)";3694;
0402053;"Górzno (3)";3683;
0402054;"Górzno - miasto (4)";1349;
0402055;"Górzno - obszar wiejski (5)";2334;
0402062;"Bartniczka (2)";4533;
0402073;"Jabłonowo Pomorskie (3)";8343;
0402074;"Jabłonowo Pomorskie - miasto (4)";3635;
0402075;"Jabłonowo Pomorskie - obszar wiejski (5)";4708;
0402082;"Osiek (2)";3770;
0402092;"Świedziebnia (2)";4843;
0402102;"Zbiczno (2)";4922;
0403000;"Powiat bydgoski";127915;
0403012;"Białe Błota (2)";26528;
0403022;"Dąbrowa Chełmińska (2)";8635;
0403032;"Dobrcz (2)";12938;
0403043;"Koronowo (3)";23080;
0403044;"Koronowo - miasto (4)";10583;
0403045;"Koronowo - obszar wiejski (5)";12497;
0403052;"Nowa Wieś Wielka (2)";10469;
0403062;"Osielsko (2)";19004;
0403072;"Sicienko (2)";11001;
0403083;"Solec Kujawski (3)";16260;
0403084;"Solec Kujawski - miasto (4)";15140;
0403085;"Solec Kujawski - obszar wiejski (5)";1120;
0404000;"Powiat chełmiński";48715;
0404011;"Chełmno (1)";17827;
0404022;"Chełmno (2)";6033;
0404032;"Kijewo Królewskie (2)";4292;
0404042;"Lisewo (2)";4825;
0404052;"Papowo Biskupie (2)";3962;
0404062;"Stolno (2)";5151;
0404072;"Unisław (2)";6625;
0405000;"Powiat golubsko-dobrzyński";42998;
0405011;"Golub-Dobrzyń (1)";11122;
0405022;"Ciechocin (2)";3819;
0405032;"Golub-Dobrzyń (2)";8881;
0405043;"Kowalewo Pomorskie (3)";11083;
0405044;"Kowalewo Pomorskie - miasto (4)";4022;
0405045;"Kowalewo Pomorskie - obszar wiejski (5)";7061;
0405052;"Radomin (2)";3914;
0405062;"Zbójno (2)";4179;
0406000;"Powiat grudziądzki";39123;
0406012;"Grudziądz (2)";13908;
0406022;"Gruta (2)";5976;
0406033;"Łasin (3)";7228;
0406034;"Łasin - miasto (4)";3004;
0406035;"Łasin - obszar wiejski (5)";4224;
0406043;"Radzyń Chełmiński (3)";4390;
0406044;"Radzyń Chełmiński - miasto (4)";1763;
0406045;"Radzyń Chełmiński - obszar wiejski (5)";2627;
0406052;"Rogóźno (2)";3972;
0406062;"Świecie nad Osą (2)";3649;
0407000;"Powiat inowrocławski";149000;
0407011;"Inowrocław (1)";66543;
0407022;"Dąbrowa Biskupia (2)";4909;
0407033;"Gniewkowo (3)";13466;
0407034;"Gniewkowo - miasto (4)";6621;
0407035;"Gniewkowo - obszar wiejski (5)";6845;
0407042;"Inowrocław (2)";11948;
0407053;"Janikowo (3)";12301;
0407054;"Janikowo - miasto (4)";8041;
0407055;"Janikowo - obszar wiejski (5)";4260;
0407063;"Kruszwica (3)";17571;
0407064;"Kruszwica - miasto (4)";8987;
0407065;"Kruszwica - obszar wiejski (5)";8584;
0407073;"Pakość (3)";9075;
0407074;"Pakość - miasto (4)";5082;
0407075;"Pakość - obszar wiejski (5)";3993;
0407082;"Rojewo (2)";4390;
0407092;"Złotniki Kujawskie (2)";8797;
0408000;"Powiat lipnowski";62058;
0408011;"Lipno (1)";13253;
0408023;"Bobrowniki (3)";2968;
0408024;"Bobrowniki - miasto (4)";1139;
0408025;"Bobrowniki - obszar wiejski (5)";1829;
0408032;"Chrostkowo (2)";2746;
0408043;"Dobrzyń nad Wisłą (3)";7026;
0408044;"Dobrzyń nad Wisłą - miasto (4)";1946;
0408045;"Dobrzyń nad Wisłą - obszar wiejski (5)";5080;
0408053;"Kikół (3)";6581;
0408054;"Kikół - miasto (4)";2014;
0408055;"Kikół - obszar wiejski (5)";4567;
0408062;"Lipno (2)";11474;
0408073;"Skępe (3)";6975;
0408074;"Skępe - miasto (4)";3379;
0408075;"Skępe - obszar wiejski (5)";3596;
0408082;"Tłuchowo (2)";4394;
0408092;"Wielgie (2)";6641;
0409000;"Powiat mogileński";43209;
0409012;"Dąbrowa (2)";4281;
0409022;"Jeziora Wielkie (2)";4509;
0409033;"Mogilno (3)";23674;
0409034;"Mogilno - miasto (4)";10820;
0409035;"Mogilno - obszar wiejski (5)";12854;
0409043;"Strzelno (3)";10745;
0409044;"Strzelno - miasto (4)";5156;
0409045;"Strzelno - obszar wiejski (5)";5589;
0410000;"Powiat nakielski";82435;
0410013;"Kcynia (3)";12018;
0410014;"Kcynia - miasto (4)";4206;
0410015;"Kcynia - obszar wiejski (5)";7812;
0410023;"Mrocza (3)";8755;
0410024;"Mrocza - miasto (4)";4072;
0410025;"Mrocza - obszar wiejski (5)";4683;
0410033;"Nakło nad Notecią (3)";29526;
0410034;"Nakło nad Notecią - miasto (4)";16848;
0410035;"Nakło nad Notecią - obszar wiejski (5)";12678;
0410042;"Sadki (2)";6902;
0410053;"Szubin (3)";25234;
0410054;"Szubin - miasto (4)";9348;
0410055;"Szubin - obszar wiejski (5)";15886;
0411000;"Powiat radziejowski";37331;
0411011;"Radziejów (1)";4983;
0411022;"Bytoń (2)";3259;
0411032;"Dobre (2)";4840;
0411042;"Osięciny (2)";7074;
0411053;"Piotrków Kujawski (3)";8520;
0411054;"Piotrków Kujawski - miasto (4)";4147;
0411055;"Piotrków Kujawski - obszar wiejski (5)";4373;
0411062;"Radziejów (2)";4209;
0411072;"Topólka (2)";4446;
0412000;"Powiat rypiński";40798;
0412011;"Rypin (1)";15215;
0412022;"Brzuze (2)";4812;
0412032;"Rogowo (2)";4548;
0412042;"Rypin (2)";7284;
0412052;"Skrwilno (2)";5289;
0412062;"Wąpielsk (2)";3650;
0413000;"Powiat sępoleński";38633;
0413013;"Kamień Krajeński (3)";6464;
0413014;"Kamień Krajeński - miasto (4)";2312;
0413015;"Kamień Krajeński - obszar wiejski (5)";4152;
0413023;"Sępólno Krajeńskie (3)";14997;
0413024;"Sępólno Krajeńskie - miasto (4)";8663;
0413025;"Sępólno Krajeńskie - obszar wiejski (5)";6334;
0413032;"Sośno (2)";4415;
0413043;"Więcbork (3)";12757;
0413044;"Więcbork - miasto (4)";5598;
0413045;"Więcbork - obszar wiejski (5)";7159;
0414000;"Powiat świecki";94358;
0414012;"Bukowiec (2)";4844;
0414022;"Dragacz (2)";6789;
0414032;"Drzycim (2)";4764;
0414042;"Jeżewo (2)";7639;
0414052;"Lniano (2)";4045;
0414063;"Nowe (3)";9543;
0414064;"Nowe - miasto (4)";5364;
0414065;"Nowe - obszar wiejski (5)";4179;
0414072;"Osie (2)";5387;
0414083;"Pruszcz (3)";9155;
0414084;"Pruszcz - miasto (4)";2811;
0414085;"Pruszcz - obszar wiejski (5)";6344;
0414093;"Świecie (3)";32666;
0414094;"Świecie - miasto (4)";24743;
0414095;"Świecie - obszar wiejski (5)";7923;
0414102;"Świekatowo (2)";3506;
0414112;"Warlubie (2)";6020;
0415000;"Powiat toruński";114956;
0415011;"Chełmża (1)";13536;
0415022;"Chełmża (2)";9395;
0415032;"Czernikowo (2)";8843;
0415042;"Lubicz (2)";21310;
0415052;"Łubianka (2)";8251;
0415062;"Łysomice (2)";11034;
0415072;"Obrowo (2)";20966;
0415082;"Wielka Nieszawka (2)";5225;
0415092;"Zławieś Wielka (2)";16396;
0416000;"Powiat tucholski";46763;
0416012;"Cekcyn (2)";6804;
0416022;"Gostycyn (2)";4875;
0416032;"Kęsowo (2)";4220;
0416042;"Lubiewo (2)";5816;
0416052;"Śliwice (2)";5608;
0416063;"Tuchola (3)";19440;
0416064;"Tuchola - miasto (4)";12843;
0416065;"Tuchola - obszar wiejski (5)";6597;
0417000;"Powiat wąbrzeski";32155;
0417011;"Wąbrzeźno (1)";12755;
0417022;"Dębowa Łąka (2)";2950;
0417032;"Książki (2)";3727;
0417042;"Płużnica (2)";4448;
0417052;"Ryńsk (2)";8275;
0418000;"Powiat włocławski";81591;
0418011;"Kowal (1)";3245;
0418022;"Baruchowo (2)";3267;
0418032;"Boniewo (2)";3128;
0418043;"Brześć Kujawski (3)";11013;
0418044;"Brześć Kujawski - miasto (4)";4513;
0418045;"Brześć Kujawski - obszar wiejski (5)";6500;
0418052;"Choceń (2)";7496;
0418063;"Chodecz (3)";5354;
0418064;"Chodecz - miasto (4)";1676;
0418065;"Chodecz - obszar wiejski (5)";3678;
0418072;"Fabianki (2)";10339;
0418083;"Izbica Kujawska (3)";7080;
0418084;"Izbica Kujawska - miasto (4)";2412;
0418085;"Izbica Kujawska - obszar wiejski (5)";4668;
0418092;"Kowal (2)";3844;
0418102;"Lubanie (2)";4296;
0418113;"Lubień Kujawski (3)";6630;
0418114;"Lubień Kujawski - miasto (4)";1287;
0418115;"Lubień Kujawski - obszar wiejski (5)";5343;
0418123;"Lubraniec (3)";8458;
0418124;"Lubraniec - miasto (4)";2618;
0418125;"Lubraniec - obszar wiejski (5)";5840;
0418132;"Włocławek (2)";7441;
0419000;"Powiat żniński";67080;
0419013;"Barcin (3)";14041;
0419014;"Barcin - miasto (4)";6824;
0419015;"Barcin - obszar wiejski (5)";7217;
0419023;"Gąsawa (3)";4879;
0419024;"Gąsawa - miasto (4)";1413;
0419025;"Gąsawa - obszar wiejski (5)";3466;
0419033;"Janowiec Wielkopolski (3)";8380;
0419034;"Janowiec Wielkopolski - miasto (4)";3618;
0419035;"Janowiec Wielkopolski - obszar wiejski (5)";4762;
0419043;"Łabiszyn (3)";10643;
0419044;"Łabiszyn - miasto (4)";4300;
0419045;"Łabiszyn - obszar wiejski (5)";6343;
0419052;"Rogowo (2)";6546;
0419063;"Żnin (3)";22591;
0419064;"Żnin - miasto (4)";12831;
0419065;"Żnin - obszar wiejski (5)";9760;
0461000;"Powiat m. Bydgoszcz";324043;
0461011;"Bydgoszcz (1)";324043;
0462000;"Powiat m. Grudziądz";87696;
0462011;"Grudziądz (1)";87696;
0463000;"Powiat m. Toruń";193717;
0463011;"Toruń (1)";193717;
0464000;"Powiat m. Włocławek";99474;
0464011;"Włocławek (1)";99474;
0600000;"LUBELSKIE";1996440;
0601000;"Powiat bialski";104108;
0601011;"Międzyrzec Podlaski (1)";15230;
0601021;"Terespol (1)";5054;
0601032;"Biała Podlaska (2)";15623;
0601042;"Drelów (2)";5007;
0601052;"Janów Podlaski (2)";4845;
0601062;"Kodeń (2)";3202;
0601072;"Konstantynów (2)";3718;
0601082;"Leśna Podlaska (2)";4048;
0601092;"Łomazy (2)";4518;
0601102;"Międzyrzec Podlaski (2)";10223;
0601113;"Piszczac (3)";6598;
0601114;"Piszczac - miasto (4)";2073;
0601115;"Piszczac - obszar wiejski (5)";4525;
0601122;"Rokitno (2)";2665;
0601132;"Rossosz (2)";2050;
0601142;"Sławatycze (2)";2213;
0601152;"Sosnówka (2)";2079;
0601162;"Terespol (2)";5931;
0601172;"Tuczna (2)";2706;
0601182;"Wisznice (2)";4416;
0601192;"Zalesie (2)";3982;
0602000;"Powiat biłgorajski";95219;
0602011;"Biłgoraj (1)";24543;
0602022;"Aleksandrów (2)";3140;
0602032;"Biłgoraj (2)";13465;
0602042;"Biszcza (2)";3679;
0602053;"Frampol (3)";5587;
0602054;"Frampol - miasto (4)";1320;
0602055;"Frampol - obszar wiejski (5)";4267;
0602063;"Goraj (3)";3820;
0602064;"Goraj - miasto (4)";884;
0602065;"Goraj - obszar wiejski (5)";2936;
0602073;"Józefów (3)";6277;
0602074;"Józefów - miasto (4)";2286;
0602075;"Józefów - obszar wiejski (5)";3991;
0602082;"Księżpol (2)";6651;
0602092;"Łukowa (2)";3862;
0602102;"Obsza (2)";3986;
0602112;"Potok Górny (2)";4910;
0602123;"Tarnogród (3)";6121;
0602124;"Tarnogród - miasto (4)";3080;
0602125;"Tarnogród - obszar wiejski (5)";3041;
0602132;"Tereszpol (2)";3771;
0602143;"Turobin (3)";5407;
0602144;"Turobin - miasto (4)";797;
0602145;"Turobin - obszar wiejski (5)";4610;
0603000;"Powiat chełmski";73117;
0603011;"Rejowiec Fabryczny (1)";3963;
0603022;"Białopole (2)";2806;
0603032;"Chełm (2)";15270;
0603042;"Dorohusk (2)";5762;
0603052;"Dubienka (2)";2017;
0603062;"Kamień (2)";4021;
0603072;"Leśniowice (2)";3234;
0603082;"Rejowiec Fabryczny (2)";3869;
0603092;"Ruda-Huta (2)";4077;
0603102;"Sawin (2)";5079;
0603113;"Siedliszcze (3)";6360;
0603114;"Siedliszcze - miasto (4)";1309;
0603115;"Siedliszcze - obszar wiejski (5)";5051;
0603122;"Wierzbica (2)";4649;
0603132;"Wojsławice (2)";3344;
0603142;"Żmudź (2)";2747;
0603153;"Rejowiec (3)";5919;
0603154;"Rejowiec - miasto (4)";1976;
0603155;"Rejowiec - obszar wiejski (5)";3943;
0604000;"Powiat hrubieszowski";55911;
0604011;"Hrubieszów (1)";15735;
0604022;"Dołhobyczów (2)";4537;
0604032;"Horodło (2)";4673;
0604042;"Hrubieszów (2)";9029;
0604052;"Mircze (2)";6101;
0604062;"Trzeszczany (2)";3667;
0604072;"Uchanie (2)";3949;
0604082;"Werbkowice (2)";8220;
0605000;"Powiat janowski";42260;
0605012;"Batorz (2)";3031;
0605022;"Chrzanów (2)";2637;
0605032;"Dzwola (2)";5816;
0605042;"Godziszów (2)";5412;
0605053;"Janów Lubelski (3)";14351;
0605054;"Janów Lubelski - miasto (4)";10721;
0605055;"Janów Lubelski - obszar wiejski (5)";3630;
0605063;"Modliborzyce (3)";6616;
0605064;"Modliborzyce - miasto (4)";1401;
0605065;"Modliborzyce - obszar wiejski (5)";5215;
0605072;"Potok Wielki (2)";4397;
0606000;"Powiat krasnostawski";58307;
0606011;"Krasnystaw (1)";17080;
0606022;"Fajsławice (2)";4409;
0606032;"Gorzków (2)";3146;
0606043;"Izbica (3)";7593;
0606044;"Izbica - miasto (4)";1660;
0606045;"Izbica - obszar wiejski (5)";5933;
0606052;"Krasnystaw (2)";8059;
0606062;"Kraśniczyn (2)";3382;
0606072;"Łopiennik Górny (2)";3513;
0606092;"Rudnik (2)";2672;
0606102;"Siennica Różana (2)";3711;
0606112;"Żółkiewka (2)";4742;
0607000;"Powiat kraśnicki";88198;
0607011;"Kraśnik (1)";30842;
0607023;"Annopol (3)";7915;
0607024;"Annopol - miasto (4)";2279;
0607025;"Annopol - obszar wiejski (5)";5636;
0607032;"Dzierzkowice (2)";5198;
0607042;"Gościeradów (2)";6722;
0607052;"Kraśnik (2)";6950;
0607062;"Szastarka (2)";5344;
0607072;"Trzydnik Duży (2)";5856;
0607083;"Urzędów (3)";8105;
0607084;"Urzędów - miasto (4)";1703;
0607085;"Urzędów - obszar wiejski (5)";6402;
0607092;"Wilkołaz (2)";5272;
0607102;"Zakrzówek (2)";5994;
0608000;"Powiat lubartowski";83385;
0608011;"Lubartów (1)";19566;
0608022;"Abramów (2)";3795;
0608032;"Firlej (2)";5601;
0608042;"Jeziorzany (2)";2432;
0608053;"Kamionka (3)";6532;
0608054;"Kamionka - miasto (4)";1727;
0608055;"Kamionka - obszar wiejski (5)";4805;
0608063;"Kock (3)";5638;
0608064;"Kock - miasto (4)";2843;
0608065;"Kock - obszar wiejski (5)";2795;
0608072;"Lubartów (2)";12129;
0608082;"Michów (2)";5328;
0608092;"Niedźwiada (2)";6155;
0608103;"Ostrów Lubelski (3)";4858;
0608104;"Ostrów Lubelski - miasto (4)";1901;
0608105;"Ostrów Lubelski - obszar wiejski (5)";2957;
0608112;"Ostrówek (2)";3617;
0608122;"Serniki (2)";4769;
0608132;"Uścimów (2)";2965;
0609000;"Powiat lubelski";165359;
0609013;"Bełżyce (3)";12547;
0609014;"Bełżyce - miasto (4)";5802;
0609015;"Bełżyce - obszar wiejski (5)";6745;
0609022;"Borzechów (2)";3722;
0609033;"Bychawa (3)";10724;
0609034;"Bychawa - miasto (4)";4414;
0609035;"Bychawa - obszar wiejski (5)";6310;
0609042;"Garbów (2)";8950;
0609052;"Głusk (2)";15344;
0609062;"Jabłonna (2)";8336;
0609072;"Jastków (2)";15645;
0609082;"Konopnica (2)";16098;
0609092;"Krzczonów (2)";4041;
0609102;"Niedrzwica Duża (2)";12149;
0609112;"Niemce (2)";22338;
0609122;"Strzyżewice (2)";8178;
0609132;"Wojciechów (2)";6000;
0609142;"Wólka (2)";14674;
0609152;"Wysokie (2)";3988;
0609162;"Zakrzew (2)";2625;
0610000;"Powiat łęczyński";55531;
0610012;"Cyców (2)";7699;
0610022;"Ludwin (2)";5610;
0610033;"Łęczna (3)";22148;
0610034;"Łęczna - miasto (4)";17378;
0610035;"Łęczna - obszar wiejski (5)";4770;
0610042;"Milejów (2)";8544;
0610052;"Puchaczów (2)";5558;
0610062;"Spiczyn (2)";5972;
0611000;"Powiat łukowski";100230;
0611011;"Łuków (1)";26890;
0611021;"Stoczek Łukowski (1)";2325;
0611032;"Adamów (2)";5063;
0611042;"Krzywda (2)";9681;
0611052;"Łuków (2)";18569;
0611062;"Serokomla (2)";3639;
0611072;"Stanin (2)";9109;
0611082;"Stoczek Łukowski (2)";7126;
0611092;"Trzebieszów (2)";7076;
0611102;"Wojcieszków (2)";6439;
0611112;"Wola Mysłowska (2)";4313;
0612000;"Powiat opolski";55078;
0612012;"Chodel (2)";6252;
0612023;"Józefów nad Wisłą (3)";5974;
0612024;"Józefów nad Wisłą - miasto (4)";775;
0612025;"Józefów nad Wisłą - obszar wiejski (5)";5199;
0612032;"Karczmiska (2)";5233;
0612042;"Łaziska (2)";4499;
0612053;"Opole Lubelskie (3)";16058;
0612054;"Opole Lubelskie - miasto (4)";7756;
0612055;"Opole Lubelskie - obszar wiejski (5)";8302;
0612063;"Poniatowa (3)";12967;
0612064;"Poniatowa - miasto (4)";8123;
0612065;"Poniatowa - obszar wiejski (5)";4844;
0612072;"Wilków (2)";4095;
0613000;"Powiat parczewski";31832;
0613012;"Dębowa Kłoda (2)";3557;
0613022;"Jabłoń (2)";3465;
0613032;"Milanów (2)";3324;
0613043;"Parczew (3)";13572;
0613044;"Parczew - miasto (4)";10080;
0613045;"Parczew - obszar wiejski (5)";3492;
0613052;"Podedwórze (2)";1469;
0613062;"Siemień (2)";4195;
0613072;"Sosnowica (2)";2250;
0614000;"Powiat puławski";106181;
0614011;"Puławy (1)";43597;
0614022;"Baranów (2)";3479;
0614032;"Janowiec (2)";3543;
0614043;"Kazimierz Dolny (3)";6205;
0614044;"Kazimierz Dolny - miasto (4)";3192;
0614045;"Kazimierz Dolny - obszar wiejski (5)";3013;
0614052;"Końskowola (2)";8298;
0614062;"Kurów (2)";7353;
0614072;"Markuszów (2)";2851;
0614083;"Nałęczów (3)";8506;
0614084;"Nałęczów - miasto (4)";3581;
0614085;"Nałęczów - obszar wiejski (5)";4925;
0614092;"Puławy (2)";12217;
0614102;"Wąwolnica (2)";4073;
0614112;"Żyrzyn (2)";6059;
0615000;"Powiat radzyński";54531;
0615011;"Radzyń Podlaski (1)";14049;
0615022;"Borki (2)";5715;
0615033;"Czemierniki (3)";4031;
0615034;"Czemierniki - miasto (4)";1295;
0615035;"Czemierniki - obszar wiejski (5)";2736;
0615042;"Kąkolewnica (2)";7472;
0615052;"Komarówka Podlaska (2)";3765;
0615062;"Radzyń Podlaski (2)";7909;
0615072;"Ulan-Majorat (2)";5481;
0615082;"Wohyń (2)";6109;
0616000;"Powiat rycki";50898;
0616011;"Dęblin (1)";13842;
0616022;"Kłoczew (2)";6749;
0616032;"Nowodwór (2)";3873;
0616043;"Ryki (3)";18966;
0616044;"Ryki - miasto (4)";8877;
0616045;"Ryki - obszar wiejski (5)";10089;
0616052;"Stężyca (2)";4692;
0616062;"Ułęż (2)";2776;
0617000;"Powiat świdnicki";68991;
0617011;"Świdnik (1)";36468;
0617022;"Mełgiew (2)";10839;
0617033;"Piaski (3)";10127;
0617034;"Piaski - miasto (4)";2412;
0617035;"Piaski - obszar wiejski (5)";7715;
0617042;"Rybczewice (2)";3174;
0617052;"Trawniki (2)";8383;
0618000;"Powiat tomaszowski";76155;
0618011;"Tomaszów Lubelski (1)";17598;
0618022;"Bełżec (2)";3078;
0618032;"Jarczów (2)";3129;
0618042;"Krynice (2)";2952;
0618053;"Lubycza Królewska (3)";5441;
0618054;"Lubycza Królewska - miasto (4)";2092;
0618055;"Lubycza Królewska - obszar wiejski (5)";3349;
0618063;"Łaszczów (3)";5404;
0618064;"Łaszczów - miasto (4)";1937;
0618065;"Łaszczów - obszar wiejski (5)";3467;
0618072;"Rachanie (2)";4540;
0618082;"Susiec (2)";6814;
0618092;"Tarnawatka (2)";3740;
0618102;"Telatyn (2)";3431;
0618112;"Tomaszów Lubelski (2)";11082;
0618123;"Tyszowce (3)";5042;
0618124;"Tyszowce - miasto (4)";1815;
0618125;"Tyszowce - obszar wiejski (5)";3227;
0618132;"Ulhówek (2)";3904;
0619000;"Powiat włodawski";34989;
0619011;"Włodawa (1)";11934;
0619022;"Hanna (2)";2428;
0619032;"Hańsk (2)";3375;
0619042;"Stary Brus (2)";1777;
0619052;"Urszulin (2)";4045;
0619062;"Włodawa (2)";5696;
0619072;"Wola Uhruska (2)";3564;
0619082;"Wyryki (2)";2170;
0620000;"Powiat zamojski";100017;
0620012;"Adamów (2)";4365;
0620022;"Grabowiec (2)";3530;
0620032;"Komarów-Osada (2)";4392;
0620043;"Krasnobród (3)";6621;
0620044;"Krasnobród - miasto (4)";2937;
0620045;"Krasnobród - obszar wiejski (5)";3684;
0620052;"Łabunie (2)";5844;
0620062;"Miączyn (2)";4912;
0620072;"Nielisz (2)";5038;
0620082;"Radecznica (2)";4980;
0620092;"Sitno (2)";6510;
0620102;"Skierbieszów (2)";4643;
0620112;"Stary Zamość (2)";4772;
0620122;"Sułów (2)";4003;
0620133;"Szczebrzeszyn (3)";10406;
0620134;"Szczebrzeszyn - miasto (4)";4676;
0620135;"Szczebrzeszyn - obszar wiejski (5)";5730;
0620142;"Zamość (2)";23997;
0620153;"Zwierzyniec (3)";6004;
0620154;"Zwierzyniec - miasto (4)";2737;
0620155;"Zwierzyniec - obszar wiejski (5)";3267;
0661000;"Powiat m. Biała Podlaska";53888;
0661011;"Biała Podlaska (1)";53888;
0662000;"Powiat m. Chełm";56434;
0662011;"Chełm (1)";56434;
0663000;"Powiat m. Lublin";328305;
0663011;"Lublin (1)";328305;
0664000;"Powiat m. Zamość";57516;
0664011;"Zamość (1)";57516;
0800000;"LUBUSKIE";969819;
0801000;"Powiat gorzowski";74079;
0801011;"Kostrzyn nad Odrą (1)";17428;
0801022;"Bogdaniec (2)";7171;
0801032;"Deszczno (2)";11064;
0801042;"Kłodawa (2)";9451;
0801052;"Lubiszyn (2)";7194;
0801062;"Santok (2)";9707;
0801073;"Witnica (3)";12064;
0801074;"Witnica - miasto (4)";6364;
0801075;"Witnica - obszar wiejski (5)";5700;
0802000;"Powiat krośnieński";52187;
0802011;"Gubin (1)";15375;
0802022;"Bobrowice (2)";2998;
0802032;"Bytnica (2)";2260;
0802042;"Dąbie (2)";4937;
0802052;"Gubin (2)";7178;
0802063;"Krosno Odrzańskie (3)";16705;
0802064;"Krosno Odrzańskie - miasto (4)";10315;
0802065;"Krosno Odrzańskie - obszar wiejski (5)";6390;
0802072;"Maszewo (2)";2734;
0803000;"Powiat międzyrzecki";54439;
0803012;"Bledzew (2)";3852;
0803023;"Międzyrzecz (3)";23486;
0803024;"Międzyrzecz - miasto (4)";16593;
0803025;"Międzyrzecz - obszar wiejski (5)";6893;
0803032;"Przytoczna (2)";5266;
0803042;"Pszczew (2)";4178;
0803053;"Skwierzyna (3)";11433;
0803054;"Skwierzyna - miasto (4)";8987;
0803055;"Skwierzyna - obszar wiejski (5)";2446;
0803063;"Trzciel (3)";6224;
0803064;"Trzciel - miasto (4)";2215;
0803065;"Trzciel - obszar wiejski (5)";4009;
0804000;"Powiat nowosolski";81809;
0804011;"Nowa Sól (1)";35545;
0804023;"Bytom Odrzański (3)";5071;
0804024;"Bytom Odrzański - miasto (4)";3870;
0804025;"Bytom Odrzański - obszar wiejski (5)";1201;
0804032;"Kolsko (2)";3204;
0804043;"Kożuchów (3)";15162;
0804044;"Kożuchów - miasto (4)";8825;
0804045;"Kożuchów - obszar wiejski (5)";6337;
0804052;"Nowa Sól (2)";7433;
0804063;"Nowe Miasteczko (3)";4970;
0804064;"Nowe Miasteczko - miasto (4)";2599;
0804065;"Nowe Miasteczko - obszar wiejski (5)";2371;
0804073;"Otyń (3)";7129;
0804074;"Otyń - miasto (4)";1783;
0804075;"Otyń - obszar wiejski (5)";5346;
0804082;"Siedlisko (2)";3295;
0805000;"Powiat słubicki";45679;
0805013;"Cybinka (3)";6126;
0805014;"Cybinka - miasto (4)";2646;
0805015;"Cybinka - obszar wiejski (5)";3480;
0805022;"Górzyca (2)";4094;
0805033;"Ośno Lubuskie (3)";6112;
0805034;"Ośno Lubuskie - miasto (4)";3867;
0805035;"Ośno Lubuskie - obszar wiejski (5)";2245;
0805043;"Rzepin (3)";9384;
0805044;"Rzepin - miasto (4)";6348;
0805045;"Rzepin - obszar wiejski (5)";3036;
0805053;"Słubice (3)";19963;
0805054;"Słubice - miasto (4)";16090;
0805055;"Słubice - obszar wiejski (5)";3873;
0806000;"Powiat strzelecko-drezdenecki";46204;
0806013;"Dobiegniew (3)";6082;
0806014;"Dobiegniew - miasto (4)";2973;
0806015;"Dobiegniew - obszar wiejski (5)";3109;
0806023;"Drezdenko (3)";16157;
0806024;"Drezdenko - miasto (4)";9344;
0806025;"Drezdenko - obszar wiejski (5)";6813;
0806032;"Stare Kurowo (2)";3887;
0806043;"Strzelce Krajeńskie (3)";15947;
0806044;"Strzelce Krajeńskie - miasto (4)";9608;
0806045;"Strzelce Krajeńskie - obszar wiejski (5)";6339;
0806052;"Zwierzyn (2)";4131;
0807000;"Powiat sulęciński";33191;
0807012;"Krzeszyce (2)";4576;
0807023;"Lubniewice (3)";3004;
0807024;"Lubniewice - miasto (4)";1981;
0807025;"Lubniewice - obszar wiejski (5)";1023;
0807032;"Słońsk (2)";4599;
0807043;"Sulęcin (3)";14861;
0807044;"Sulęcin - miasto (4)";9607;
0807045;"Sulęcin - obszar wiejski (5)";5254;
0807053;"Torzym (3)";6151;
0807054;"Torzym - miasto (4)";2374;
0807055;"Torzym - obszar wiejski (5)";3777;
0808000;"Powiat świebodziński";53609;
0808012;"Lubrza (2)";3571;
0808022;"Łagów (2)";4689;
0808032;"Skąpe (2)";4835;
0808042;"Szczaniec (2)";3634;
0808053;"Świebodzin (3)";28871;
0808054;"Świebodzin - miasto (4)";20668;
0808055;"Świebodzin - obszar wiejski (5)";8203;
0808063;"Zbąszynek (3)";8009;
0808064;"Zbąszynek - miasto (4)";4842;
0808065;"Zbąszynek - obszar wiejski (5)";3167;
0809000;"Powiat zielonogórski";74754;
0809013;"Babimost (3)";6026;
0809014;"Babimost - miasto (4)";3790;
0809015;"Babimost - obszar wiejski (5)";2236;
0809022;"Bojadła (2)";3111;
0809033;"Czerwieńsk (3)";10161;
0809034;"Czerwieńsk - miasto (4)";3723;
0809035;"Czerwieńsk - obszar wiejski (5)";6438;
0809043;"Kargowa (3)";5899;
0809044;"Kargowa - miasto (4)";3817;
0809045;"Kargowa - obszar wiejski (5)";2082;
0809053;"Nowogród Bobrzański (3)";8876;
0809054;"Nowogród Bobrzański - miasto (4)";4675;
0809055;"Nowogród Bobrzański - obszar wiejski (5)";4201;
0809063;"Sulechów (3)";25875;
0809064;"Sulechów - miasto (4)";15330;
0809065;"Sulechów - obszar wiejski (5)";10545;
0809072;"Świdnica (2)";6903;
0809082;"Trzebiechów (2)";3095;
0809092;"Zabór (2)";4808;
0810000;"Powiat żagański";72933;
0810011;"Gozdnica (1)";2681;
0810021;"Żagań (1)";23136;
0810032;"Brzeźnica (2)";3425;
0810043;"Iłowa (3)";6303;
0810044;"Iłowa - miasto (4)";3547;
0810045;"Iłowa - obszar wiejski (5)";2756;
0810053;"Małomice (3)";5134;
0810054;"Małomice - miasto (4)";3396;
0810055;"Małomice - obszar wiejski (5)";1738;
0810062;"Niegosławice (2)";4238;
0810073;"Szprotawa (3)";18800;
0810074;"Szprotawa - miasto (4)";10363;
0810075;"Szprotawa - obszar wiejski (5)";8437;
0810082;"Wymiarki (2)";2053;
0810092;"Żagań (2)";7163;
0811000;"Powiat żarski";90364;
0811011;"Łęknica (1)";2195;
0811021;"Żary (1)";34389;
0811033;"Brody (3)";3099;
0811034;"Brody - miasto (4)";845;
0811035;"Brody - obszar wiejski (5)";2254;
0811043;"Jasień (3)";6637;
0811044;"Jasień - miasto (4)";3984;
0811045;"Jasień - obszar wiejski (5)";2653;
0811052;"Lipinki Łużyckie (2)";3229;
0811063;"Lubsko (3)";17052;
0811064;"Lubsko - miasto (4)";12697;
0811065;"Lubsko - obszar wiejski (5)";4355;
0811072;"Przewóz (2)";2998;
0811082;"Trzebiel (2)";5400;
0811092;"Tuplice (2)";2856;
0811102;"Żary (2)";12509;
0812000;"Powiat wschowski";37002;
0812013;"Sława (3)";12380;
0812014;"Sława - miasto (4)";4074;
0812015;"Sława - obszar wiejski (5)";8306;
0812023;"Szlichtyngowa (3)";4786;
0812024;"Szlichtyngowa - miasto (4)";1240;
0812025;"Szlichtyngowa - obszar wiejski (5)";3546;
0812033;"Wschowa (3)";19836;
0812034;"Wschowa - miasto (4)";12843;
0812035;"Wschowa - obszar wiejski (5)";6993;
0861000;"Powiat m. Gorzów Wielkopolski";114700;
0861011;"Gorzów Wielkopolski (1)";114700;
0862000;"Powiat m. Zielona Góra";138869;
0862011;"Zielona Góra (1)";138869;
1000000;"ŁÓDZKIE";2345924;
1001000;"Powiat bełchatowski";108003;
1001011;"Bełchatów (1)";51637;
1001022;"Bełchatów (2)";13296;
1001032;"Drużbice (2)";5242;
1001042;"Kleszczów (2)";6425;
1001052;"Kluki (2)";4298;
1001062;"Rusiec (2)";4749;
1001072;"Szczerców (2)";8116;
1001083;"Zelów (3)";14240;
1001084;"Zelów - miasto (4)";6930;
1001085;"Zelów - obszar wiejski (5)";7310;
1002000;"Powiat kutnowski";89709;
1002011;"Kutno (1)";40349;
1002022;"Bedlno (2)";4989;
1002033;"Dąbrowice (3)";1760;
1002034;"Dąbrowice - miasto (4)";947;
1002035;"Dąbrowice - obszar wiejski (5)";813;
1002043;"Krośniewice (3)";7613;
1002044;"Krośniewice - miasto (4)";3935;
1002045;"Krośniewice - obszar wiejski (5)";3678;
1002052;"Krzyżanów (2)";3984;
1002062;"Kutno (2)";8910;
1002072;"Łanięta (2)";2154;
1002082;"Nowe Ostrowy (2)";3173;
1002092;"Oporów (2)";2365;
1002102;"Strzelce (2)";3686;
1002113;"Żychlin (3)";10726;
1002114;"Żychlin - miasto (4)";7401;
1002115;"Żychlin - obszar wiejski (5)";3325;
1003000;"Powiat łaski";48498;
1003012;"Buczek (2)";5012;
1003023;"Łask (3)";26788;
1003024;"Łask - miasto (4)";15849;
1003025;"Łask - obszar wiejski (5)";10939;
1003032;"Sędziejowice (2)";6147;
1003042;"Widawa (2)";6779;
1003052;"Wodzierady (2)";3772;
1004000;"Powiat łęczycki";46137;
1004011;"Łęczyca (1)";12853;
1004022;"Daszyna (2)";3589;
1004032;"Góra Świętej Małgorzaty (2)";4197;
1004043;"Grabów (3)";5263;
1004044;"Grabów - miasto (4)";1008;
1004045;"Grabów - obszar wiejski (5)";4255;
1004052;"Łęczyca (2)";8143;
1004063;"Piątek (3)";5516;
1004064;"Piątek - miasto (4)";1541;
1004065;"Piątek - obszar wiejski (5)";3975;
1004072;"Świnice Warckie (2)";3606;
1004082;"Witonia (2)";2970;
1005000;"Powiat łowicki";73368;
1005011;"Łowicz (1)";25611;
1005022;"Bielawy (2)";4953;
1005032;"Chąśno (2)";2876;
1005042;"Domaniewice (2)";4533;
1005053;"Kiernozia (3)";3037;
1005054;"Kiernozia - miasto (4)";794;
1005055;"Kiernozia - obszar wiejski (5)";2243;
1005062;"Kocierzew Południowy (2)";3968;
1005072;"Łowicz (2)";7741;
1005082;"Łyszkowice (2)";6379;
1005092;"Nieborów (2)";9157;
1005102;"Zduny (2)";5113;
1006000;"Powiat łódzki wschodni";75149;
1006022;"Andrespol (2)";14838;
1006032;"Brójce (2)";7344;
1006073;"Koluszki (3)";22713;
1006074;"Koluszki - miasto (4)";11925;
1006075;"Koluszki - obszar wiejski (5)";10788;
1006082;"Nowosolna (2)";5811;
1006103;"Rzgów (3)";11563;
1006104;"Rzgów - miasto (4)";3453;
1006105;"Rzgów - obszar wiejski (5)";8110;
1006113;"Tuszyn (3)";12880;
1006114;"Tuszyn - miasto (4)";7135;
1006115;"Tuszyn - obszar wiejski (5)";5745;
1007000;"Powiat opoczyński";71234;
1007013;"Białaczów (3)";5453;
1007014;"Białaczów - miasto (4)";1098;
1007015;"Białaczów - obszar wiejski (5)";4355;
1007023;"Drzewica (3)";9685;
1007024;"Drzewica - miasto (4)";3462;
1007025;"Drzewica - obszar wiejski (5)";6223;
1007032;"Mniszków (2)";4691;
1007043;"Opoczno (3)";31403;
1007044;"Opoczno - miasto (4)";18677;
1007045;"Opoczno - obszar wiejski (5)";12726;
1007052;"Paradyż (2)";4150;
1007062;"Poświętne (2)";2874;
1007072;"Sławno (2)";7457;
1007083;"Żarnów (3)";5521;
1007084;"Żarnów - miasto (4)";1107;
1007085;"Żarnów - obszar wiejski (5)";4414;
1008000;"Powiat pabianicki";118704;
1008011;"Konstantynów Łódzki (1)";19276;
1008021;"Pabianice (1)";59910;
1008032;"Dłutów (2)";4988;
1008042;"Dobroń (2)";8123;
1008052;"Ksawerów (2)";7656;
1008063;"Lutomiersk (3)";9623;
1008064;"Lutomiersk - miasto (4)";1566;
1008065;"Lutomiersk - obszar wiejski (5)";8057;
1008072;"Pabianice (2)";9128;
1009000;"Powiat pajęczański";48086;
1009013;"Działoszyn (3)";11361;
1009014;"Działoszyn - miasto (4)";5154;
1009015;"Działoszyn - obszar wiejski (5)";6207;
1009022;"Kiełczygłów (2)";3741;
1009032;"Nowa Brzeźnica (2)";4272;
1009043;"Pajęczno (3)";10937;
1009044;"Pajęczno - miasto (4)";6281;
1009045;"Pajęczno - obszar wiejski (5)";4656;
1009052;"Rząśnia (2)";4876;
1009062;"Siemkowice (2)";4396;
1009072;"Strzelce Wielkie (2)";4121;
1009082;"Sulmierzyce (2)";4382;
1010000;"Powiat piotrkowski";89717;
1010012;"Aleksandrów (2)";4197;
1010022;"Czarnocin (2)";4026;
1010032;"Gorzkowice (2)";8126;
1010042;"Grabica (2)";6068;
1010052;"Łęki Szlacheckie (2)";3156;
1010062;"Moszczenica (2)";12493;
1010072;"Ręczno (2)";3297;
1010083;"Rozprza (3)";12172;
1010084;"Rozprza - miasto (4)";1623;
1010085;"Rozprza - obszar wiejski (5)";10549;
1010093;"Sulejów (3)";16515;
1010094;"Sulejów - miasto (4)";5876;
1010095;"Sulejów - obszar wiejski (5)";10639;
1010102;"Wola Krzysztoporska (2)";11873;
1010113;"Wolbórz (3)";7794;
1010114;"Wolbórz - miasto (4)";2237;
1010115;"Wolbórz - obszar wiejski (5)";5557;
1011000;"Powiat poddębicki";39169;
1011012;"Dalików (2)";4035;
1011022;"Pęczniew (2)";3338;
1011033;"Poddębice (3)";14438;
1011034;"Poddębice - miasto (4)";6674;
1011035;"Poddębice - obszar wiejski (5)";7764;
1011043;"Uniejów (3)";6697;
1011044;"Uniejów - miasto (4)";2974;
1011045;"Uniejów - obszar wiejski (5)";3723;
1011052;"Wartkowice (2)";6052;
1011062;"Zadzim (2)";4609;
1012000;"Powiat radomszczański";105623;
1012011;"Radomsko (1)";42412;
1012022;"Dobryszyce (2)";4621;
1012032;"Gidle (2)";5706;
1012042;"Gomunice (2)";5606;
1012053;"Kamieńsk (3)";5510;
1012054;"Kamieńsk - miasto (4)";2598;
1012055;"Kamieńsk - obszar wiejski (5)";2912;
1012062;"Kobiele Wielkie (2)";4194;
1012072;"Kodrąb (2)";4221;
1012082;"Lgota Wielka (2)";4098;
1012092;"Ładzice (2)";4578;
1012102;"Masłowice (2)";3854;
1012113;"Przedbórz (3)";6437;
1012114;"Przedbórz - miasto (4)";3117;
1012115;"Przedbórz - obszar wiejski (5)";3320;
1012122;"Radomsko (2)";5408;
1012132;"Wielgomłyny (2)";4243;
1012142;"Żytno (2)";4735;
1013000;"Powiat rawski";45664;
1013011;"Rawa Mazowiecka (1)";15783;
1013023;"Biała Rawska (3)";10621;
1013024;"Biała Rawska - miasto (4)";2917;
1013025;"Biała Rawska - obszar wiejski (5)";7704;
1013032;"Cielądz (2)";3878;
1013042;"Rawa Mazowiecka (2)";8619;
1013052;"Regnów (2)";1694;
1013062;"Sadkowice (2)";5069;
1014000;"Powiat sieradzki";110665;
1014011;"Sieradz (1)";38299;
1014023;"Błaszki (3)";13822;
1014024;"Błaszki - miasto (4)";1952;
1014025;"Błaszki - obszar wiejski (5)";11870;
1014032;"Brąszewice (2)";4307;
1014042;"Brzeźnio (2)";6153;
1014052;"Burzenin (2)";5216;
1014062;"Goszczanów (2)";4990;
1014072;"Klonowa (2)";2715;
1014082;"Sieradz (2)";10843;
1014093;"Warta (3)";11719;
1014094;"Warta - miasto (4)";2889;
1014095;"Warta - obszar wiejski (5)";8830;
1014102;"Wróblew (2)";5859;
1014113;"Złoczew (3)";6742;
1014114;"Złoczew - miasto (4)";3384;
1014115;"Złoczew - obszar wiejski (5)";3358;
1015000;"Powiat skierniewicki";37670;
1015013;"Bolimów (3)";3838;
1015014;"Bolimów - miasto (4)";894;
1015015;"Bolimów - obszar wiejski (5)";2944;
1015022;"Głuchów (2)";5399;
1015032;"Godzianów (2)";2556;
1015042;"Kowiesy (2)";2757;
1015052;"Lipce Reymontowskie (2)";3059;
1015062;"Maków (2)";5941;
1015072;"Nowy Kawęczyn (2)";3417;
1015082;"Skierniewice (2)";8225;
1015092;"Słupia (2)";2478;
1016000;"Powiat tomaszowski";109588;
1016011;"Tomaszów Mazowiecki (1)";56681;
1016022;"Będków (2)";3123;
1016032;"Budziszewice (2)";2069;
1016042;"Czerniewice (2)";4790;
1016053;"Inowłódz (3)";3637;
1016054;"Inowłódz - miasto (4)";765;
1016055;"Inowłódz - obszar wiejski (5)";2872;
1016062;"Lubochnia (2)";7146;
1016072;"Rokiciny (2)";5984;
1016082;"Rzeczyca (2)";4369;
1016092;"Tomaszów Mazowiecki (2)";11492;
1016103;"Ujazd (3)";7232;
1016104;"Ujazd - miasto (4)";1499;
1016105;"Ujazd - obszar wiejski (5)";5733;
1016112;"Żelechlinek (2)";3065;
1017000;"Powiat wieluński";72013;
1017012;"Biała (2)";5264;
1017022;"Czarnożyły (2)";4373;
1017032;"Konopnica (2)";3514;
1017042;"Mokrsko (2)";5038;
1017053;"Osjaków (3)";4611;
1017054;"Osjaków - miasto (4)";1332;
1017055;"Osjaków - obszar wiejski (5)";3279;
1017062;"Ostrówek (2)";4332;
1017072;"Pątnów (2)";6149;
1017082;"Skomlin (2)";3171;
1017093;"Wieluń (3)";29229;
1017094;"Wieluń - miasto (4)";20141;
1017095;"Wieluń - obszar wiejski (5)";9088;
1017102;"Wierzchlas (2)";6332;
1018000;"Powiat wieruszowski";41295;
1018013;"Bolesławiec (3)";3815;
1018014;"Bolesławiec - miasto (4)";873;
1018015;"Bolesławiec - obszar wiejski (5)";2942;
1018022;"Czastary (2)";3883;
1018032;"Galewice (2)";6123;
1018043;"Lututów (3)";4505;
1018044;"Lututów - miasto (4)";2171;
1018045;"Lututów - obszar wiejski (5)";2334;
1018052;"Łubnice (2)";3830;
1018062;"Sokolniki (2)";5160;
1018073;"Wieruszów (3)";13979;
1018074;"Wieruszów - miasto (4)";8217;
1018075;"Wieruszów - obszar wiejski (5)";5762;
1019000;"Powiat zduńskowolski";62876;
1019011;"Zduńska Wola (1)";37914;
1019023;"Szadek (3)";7015;
1019024;"Szadek - miasto (4)";1750;
1019025;"Szadek - obszar wiejski (5)";5265;
1019032;"Zapolice (2)";5512;
1019042;"Zduńska Wola (2)";12435;
1020000;"Powiat zgierski";165840;
1020011;"Głowno (1)";12956;
1020021;"Ozorków (1)";17902;
1020031;"Zgierz (1)";52938;
1020043;"Aleksandrów Łódzki (3)";35403;
1020044;"Aleksandrów Łódzki - miasto (4)";22023;
1020045;"Aleksandrów Łódzki - obszar wiejski (5)";13380;
1020052;"Głowno (2)";4602;
1020062;"Ozorków (2)";7259;
1020073;"Parzęczew (3)";5305;
1020074;"Parzęczew - miasto (4)";930;
1020075;"Parzęczew - obszar wiejski (5)";4375;
1020083;"Stryków (3)";13004;
1020084;"Stryków - miasto (4)";3329;
1020085;"Stryków - obszar wiejski (5)";9675;
1020092;"Zgierz (2)";16471;
1021000;"Powiat brzeziński";30080;
1021011;"Brzeziny (1)";11852;
1021022;"Brzeziny (2)";6198;
1021032;"Dmosin (2)";4343;
1021043;"Jeżów (3)";3118;
1021044;"Jeżów - miasto (4)";1252;
1021045;"Jeżów - obszar wiejski (5)";1866;
1021052;"Rogów (2)";4569;
1061000;"Powiat m. Łódź";645693;
1061011;"Łódź (1)";645693;
1062000;"Powiat m. Piotrków Trybunalski";66022;
1062011;"Piotrków Trybunalski (1)";66022;
1063000;"Powiat m. Skierniewice";45121;
1063011;"Skierniewice (1)";45121;
1200000;"MAŁOPOLSKIE";3429084;
1201000;"Powiat bocheński";106985;
1201011;"Bochnia (1)";28339;
1201022;"Bochnia (2)";20867;
1201032;"Drwinia (2)";6354;
1201042;"Lipnica Murowana (2)";5514;
1201052;"Łapanów (2)";8652;
1201063;"Nowy Wiśnicz (3)";14488;
1201064;"Nowy Wiśnicz - miasto (4)";2719;
1201065;"Nowy Wiśnicz - obszar wiejski (5)";11769;
1201072;"Rzezawa (2)";11544;
1201082;"Trzciana (2)";5702;
1201092;"Żegocina (2)";5525;
1202000;"Powiat brzeski";91340;
1202012;"Borzęcin (2)";8088;
1202023;"Brzesko (3)";35285;
1202024;"Brzesko - miasto (4)";15795;
1202025;"Brzesko - obszar wiejski (5)";19490;
1202033;"Czchów (3)";9665;
1202034;"Czchów - miasto (4)";2263;
1202035;"Czchów - obszar wiejski (5)";7402;
1202042;"Dębno (2)";14482;
1202052;"Gnojnik (2)";8103;
1202062;"Iwkowa (2)";6649;
1202072;"Szczurowa (2)";9068;
1203000;"Powiat chrzanowski";117756;
1203013;"Alwernia (3)";12307;
1203014;"Alwernia - miasto (4)";3211;
1203015;"Alwernia - obszar wiejski (5)";9096;
1203022;"Babice (2)";8987;
1203033;"Chrzanów (3)";43492;
1203034;"Chrzanów - miasto (4)";33522;
1203035;"Chrzanów - obszar wiejski (5)";9970;
1203043;"Libiąż (3)";20908;
1203044;"Libiąż - miasto (4)";15788;
1203045;"Libiąż - obszar wiejski (5)";5120;
1203053;"Trzebinia (3)";32062;
1203054;"Trzebinia - miasto (4)";18298;
1203055;"Trzebinia - obszar wiejski (5)";13764;
1204000;"Powiat dąbrowski";57253;
1204012;"Bolesław (2)";2628;
1204023;"Dąbrowa Tarnowska (3)";20869;
1204024;"Dąbrowa Tarnowska - miasto (4)";11393;
1204025;"Dąbrowa Tarnowska - obszar wiejski (5)";9476;
1204032;"Gręboszów (2)";3138;
1204042;"Mędrzechów (2)";3249;
1204052;"Olesno (2)";7618;
1204062;"Radgoszcz (2)";7388;
1204073;"Szczucin (3)";12363;
1204074;"Szczucin - miasto (4)";4065;
1204075;"Szczucin - obszar wiejski (5)";8298;
1205000;"Powiat gorlicki";104592;
1205011;"Gorlice (1)";25166;
1205023;"Biecz (3)";15966;
1205024;"Biecz - miasto (4)";4267;
1205025;"Biecz - obszar wiejski (5)";11699;
1205033;"Bobowa (3)";9594;
1205034;"Bobowa - miasto (4)";3067;
1205035;"Bobowa - obszar wiejski (5)";6527;
1205042;"Gorlice (2)";16902;
1205052;"Lipinki (2)";6654;
1205062;"Łużna (2)";8252;
1205072;"Moszczenica (2)";4921;
1205082;"Ropa (2)";5505;
1205092;"Sękowa (2)";4898;
1205102;"Uście Gorlickie (2)";6734;
1206000;"Powiat krakowski";304278;
1206012;"Czernichów (2)";15442;
1206022;"Igołomia-Wawrzeńczyce (2)";7852;
1206032;"Iwanowice (2)";9841;
1206042;"Jerzmanowice-Przeginia (2)";11144;
1206052;"Kocmyrzów-Luborzyca (2)";18638;
1206063;"Krzeszowice (3)";31831;
1206064;"Krzeszowice - miasto (4)";9763;
1206065;"Krzeszowice - obszar wiejski (5)";22068;
1206072;"Liszki (2)";18754;
1206082;"Michałowice (2)";13549;
1206092;"Mogilany (2)";16533;
1206103;"Skała (3)";10937;
1206104;"Skała - miasto (4)";3856;
1206105;"Skała - obszar wiejski (5)";7081;
1206113;"Skawina (3)";43999;
1206114;"Skawina - miasto (4)";23868;
1206115;"Skawina - obszar wiejski (5)";20131;
1206123;"Słomniki (3)";13657;
1206124;"Słomniki - miasto (4)";4159;
1206125;"Słomniki - obszar wiejski (5)";9498;
1206132;"Sułoszowa (2)";5635;
1206143;"Świątniki Górne (3)";11208;
1206144;"Świątniki Górne - miasto (4)";2387;
1206145;"Świątniki Górne - obszar wiejski (5)";8821;
1206152;"Wielka Wieś (2)";17342;
1206162;"Zabierzów (2)";29837;
1206172;"Zielonki (2)";28079;
1207000;"Powiat limanowski";131626;
1207011;"Limanowa (1)";14365;
1207021;"Mszana Dolna (1)";7807;
1207032;"Dobra (2)";10108;
1207042;"Jodłownik (2)";8770;
1207052;"Kamienica (2)";7802;
1207062;"Laskowa (2)";8147;
1207072;"Limanowa (2)";26127;
1207082;"Łukowica (2)";10194;
1207092;"Mszana Dolna (2)";17659;
1207102;"Niedźwiedź (2)";7326;
1207112;"Słopnice (2)";7032;
1207122;"Tymbark (2)";6289;
1208000;"Powiat miechowski";46305;
1208012;"Charsznica (2)";7001;
1208022;"Gołcza (2)";5880;
1208032;"Kozłów (2)";4385;
1208043;"Książ Wielki (3)";4792;
1208044;"Książ Wielki - miasto (4)";850;
1208045;"Książ Wielki - obszar wiejski (5)";3942;
1208053;"Miechów (3)";18563;
1208054;"Miechów - miasto (4)";10857;
1208055;"Miechów - obszar wiejski (5)";7706;
1208062;"Racławice (2)";2401;
1208072;"Słaboszów (2)";3283;
1209000;"Powiat myślenicki";129984;
1209013;"Dobczyce (3)";15556;
1209014;"Dobczyce - miasto (4)";6124;
1209015;"Dobczyce - obszar wiejski (5)";9432;
1209022;"Lubień (2)";10108;
1209033;"Myślenice (3)";45557;
1209034;"Myślenice - miasto (4)";17684;
1209035;"Myślenice - obszar wiejski (5)";27873;
1209042;"Pcim (2)";11068;
1209052;"Raciechowice (2)";6437;
1209062;"Siepraw (2)";9714;
1209073;"Sułkowice (3)";15221;
1209074;"Sułkowice - miasto (4)";6486;
1209075;"Sułkowice - obszar wiejski (5)";8735;
1209082;"Tokarnia (2)";8784;
1209092;"Wiśniowa (2)";7539;
1210000;"Powiat nowosądecki";214876;
1210011;"Grybów (1)";5918;
1210022;"Chełmiec (2)";29880;
1210032;"Gródek nad Dunajcem (2)";8858;
1210042;"Grybów (2)";25347;
1210052;"Kamionka Wielka (2)";10489;
1210062;"Korzenna (2)";14434;
1210073;"Krynica-Zdrój (3)";15446;
1210074;"Krynica-Zdrój - miasto (4)";9434;
1210075;"Krynica-Zdrój - obszar wiejski (5)";6012;
1210082;"Łabowa (2)";6059;
1210092;"Łącko (2)";16724;
1210102;"Łososina Dolna (2)";11187;
1210113;"Muszyna (3)";11100;
1210114;"Muszyna - miasto (4)";4435;
1210115;"Muszyna - obszar wiejski (5)";6665;
1210122;"Nawojowa (2)";8867;
1210133;"Piwniczna-Zdrój (3)";9826;
1210134;"Piwniczna-Zdrój - miasto (4)";5322;
1210135;"Piwniczna-Zdrój - obszar wiejski (5)";4504;
1210142;"Podegrodzie (2)";13640;
1210152;"Rytro (2)";3635;
1210163;"Stary Sącz (3)";23466;
1210164;"Stary Sącz - miasto (4)";8606;
1210165;"Stary Sącz - obszar wiejski (5)";14860;
1211000;"Powiat nowotarski";189984;
1211011;"Nowy Targ (1)";33040;
1211023;"Szczawnica (3)";6632;
1211024;"Szczawnica - miasto (4)";5192;
1211025;"Szczawnica - obszar wiejski (5)";1440;
1211033;"Czarny Dunajec (3)";22119;
1211034;"Czarny Dunajec - miasto (4)";3652;
1211035;"Czarny Dunajec - obszar wiejski (5)";18467;
1211042;"Czorsztyn (2)";7590;
1211052;"Jabłonka (2)";19213;
1211062;"Krościenko nad Dunajcem (2)";6602;
1211072;"Lipnica Wielka (2)";6061;
1211082;"Łapsze Niżne (2)";9265;
1211092;"Nowy Targ (2)";24054;
1211102;"Ochotnica Dolna (2)";8505;
1211112;"Raba Wyżna (2)";14438;
1211123;"Rabka-Zdrój (3)";16452;
1211124;"Rabka-Zdrój - miasto (4)";12135;
1211125;"Rabka-Zdrój - obszar wiejski (5)";4317;
1211132;"Spytkowice (2)";4703;
1211142;"Szaflary (2)";11310;
1212000;"Powiat olkuski";105000;
1212011;"Bukowno (1)";9288;
1212032;"Bolesław (2)";7488;
1212042;"Klucze (2)";14362;
1212053;"Olkusz (3)";45205;
1212054;"Olkusz - miasto (4)";31896;
1212055;"Olkusz - obszar wiejski (5)";13309;
1212062;"Trzyciąż (2)";6906;
1212073;"Wolbrom (3)";21751;
1212074;"Wolbrom - miasto (4)";8006;
1212075;"Wolbrom - obszar wiejski (5)";13745;
1213000;"Powiat oświęcimski";147678;
1213011;"Oświęcim (1)";35313;
1213023;"Brzeszcze (3)";20259;
1213024;"Brzeszcze - miasto (4)";10548;
1213025;"Brzeszcze - obszar wiejski (5)";9711;
1213033;"Chełmek (3)";12213;
1213034;"Chełmek - miasto (4)";8297;
1213035;"Chełmek - obszar wiejski (5)";3916;
1213043;"Kęty (3)";33146;
1213044;"Kęty - miasto (4)";17537;
1213045;"Kęty - obszar wiejski (5)";15609;
1213052;"Osiek (2)";8108;
1213062;"Oświęcim (2)";18977;
1213072;"Polanka Wielka (2)";4306;
1213082;"Przeciszów (2)";6309;
1213093;"Zator (3)";9047;
1213094;"Zator - miasto (4)";3576;
1213095;"Zator - obszar wiejski (5)";5471;
1214000;"Powiat proszowicki";41929;
1214012;"Koniusza (2)";9114;
1214023;"Koszyce (3)";5204;
1214024;"Koszyce - miasto (4)";765;
1214025;"Koszyce - obszar wiejski (5)";4439;
1214033;"Nowe Brzesko (3)";5620;
1214034;"Nowe Brzesko - miasto (4)";1593;
1214035;"Nowe Brzesko - obszar wiejski (5)";4027;
1214042;"Pałecznica (2)";3449;
1214053;"Proszowice (3)";15381;
1214054;"Proszowice - miasto (4)";5717;
1214055;"Proszowice - obszar wiejski (5)";9664;
1214062;"Radziemice (2)";3161;
1215000;"Powiat suski";82546;
1215011;"Jordanów (1)";5396;
1215021;"Sucha Beskidzka (1)";8727;
1215032;"Budzów (2)";8790;
1215042;"Bystra-Sidzina (2)";6825;
1215052;"Jordanów (2)";11148;
1215063;"Maków Podhalański (3)";15662;
1215064;"Maków Podhalański - miasto (4)";5497;
1215065;"Maków Podhalański - obszar wiejski (5)";10165;
1215072;"Stryszawa (2)";11866;
1215082;"Zawoja (2)";8754;
1215092;"Zembrzyce (2)";5378;
1216000;"Powiat tarnowski";197119;
1216013;"Ciężkowice (3)";10990;
1216014;"Ciężkowice - miasto (4)";2484;
1216015;"Ciężkowice - obszar wiejski (5)";8506;
1216022;"Gromnik (2)";8748;
1216032;"Lisia Góra (2)";15684;
1216042;"Pleśna (2)";11709;
1216053;"Radłów (3)";9367;
1216054;"Radłów - miasto (4)";2705;
1216055;"Radłów - obszar wiejski (5)";6662;
1216063;"Ryglice (3)";11134;
1216064;"Ryglice - miasto (4)";2644;
1216065;"Ryglice - obszar wiejski (5)";8490;
1216072;"Rzepiennik Strzyżewski (2)";6505;
1216082;"Skrzyszów (2)";14188;
1216092;"Tarnów (2)";26496;
1216103;"Tuchów (3)";16946;
1216104;"Tuchów - miasto (4)";6142;
1216105;"Tuchów - obszar wiejski (5)";10804;
1216112;"Wierzchosławice (2)";10461;
1216122;"Wietrzychowice (2)";3696;
1216133;"Wojnicz (3)";13054;
1216134;"Wojnicz - miasto (4)";3132;
1216135;"Wojnicz - obszar wiejski (5)";9922;
1216143;"Zakliczyn (3)";12337;
1216144;"Zakliczyn - miasto (4)";1572;
1216145;"Zakliczyn - obszar wiejski (5)";10765;
1216153;"Żabno (3)";18332;
1216154;"Żabno - miasto (4)";4077;
1216155;"Żabno - obszar wiejski (5)";14255;
1216162;"Szerzyny (2)";7472;
1217000;"Powiat tatrzański";66346;
1217011;"Zakopane (1)";25059;
1217022;"Biały Dunajec (2)";6807;
1217032;"Bukowina Tatrzańska (2)";13545;
1217042;"Kościelisko (2)";9122;
1217052;"Poronin (2)";11813;
1218000;"Powiat wadowicki";157099;
1218013;"Andrychów (3)";41731;
1218014;"Andrychów - miasto (4)";18071;
1218015;"Andrychów - obszar wiejski (5)";23660;
1218022;"Brzeźnica (2)";10879;
1218033;"Kalwaria Zebrzydowska (3)";19819;
1218034;"Kalwaria Zebrzydowska - miasto (4)";4267;
1218035;"Kalwaria Zebrzydowska - obszar wiejski (5)";15552;
1218042;"Lanckorona (2)";6252;
1218052;"Mucharz (2)";4185;
1218062;"Spytkowice (2)";10054;
1218072;"Stryszów (2)";6764;
1218082;"Tomice (2)";8318;
1218093;"Wadowice (3)";36262;
1218094;"Wadowice - miasto (4)";16929;
1218095;"Wadowice - obszar wiejski (5)";19333;
1218102;"Wieprz (2)";12835;
1219000;"Powiat wielicki";145276;
1219012;"Biskupice (2)";11929;
1219022;"Gdów (2)";18697;
1219032;"Kłaj (2)";11257;
1219043;"Niepołomice (3)";33602;
1219044;"Niepołomice - miasto (4)";17227;
1219045;"Niepołomice - obszar wiejski (5)";16375;
1219053;"Wieliczka (3)";69791;
1219054;"Wieliczka - miasto (4)";28173;
1219055;"Wieliczka - obszar wiejski (5)";41618;
1261000;"Powiat m. Kraków";809168;
1261011;"Kraków (1)";809168;
1262000;"Powiat m. Nowy Sącz";79821;
1262011;"Nowy Sącz (1)";79821;
1263000;"Powiat m. Tarnów";102123;
1263011;"Tarnów (1)";102123;
1400000;"MAZOWIECKIE";5508322;
1401000;"Powiat białobrzeski";32350;
1401013;"Białobrzegi (3)";9709;
1401014;"Białobrzegi - miasto (4)";6357;
1401015;"Białobrzegi - obszar wiejski (5)";3352;
1401022;"Promna (2)";5434;
1401032;"Radzanów (2)";3798;
1401042;"Stara Błotnica (2)";5404;
1401052;"Stromiec (2)";5352;
1401063;"Wyśmierzyce (3)";2653;
1401064;"Wyśmierzyce - miasto (4)";864;
1401065;"Wyśmierzyce - obszar wiejski (5)";1789;
1402000;"Powiat ciechanowski";84565;
1402011;"Ciechanów (1)";41474;
1402022;"Ciechanów (2)";7586;
1402033;"Glinojeck (3)";6987;
1402034;"Glinojeck - miasto (4)";2748;
1402035;"Glinojeck - obszar wiejski (5)";4239;
1402042;"Gołymin-Ośrodek (2)";3442;
1402052;"Grudusk (2)";3252;
1402062;"Ojrzeń (2)";4026;
1402072;"Opinogóra Górna (2)";5807;
1402082;"Regimin (2)";4680;
1402092;"Sońsk (2)";7311;
1403000;"Powiat garwoliński";105213;
1403011;"Garwolin (1)";17258;
1403021;"Łaskarzew (1)";4447;
1403032;"Borowie (2)";4900;
1403042;"Garwolin (2)";13504;
1403052;"Górzno (2)";6726;
1403062;"Łaskarzew (2)";5241;
1403073;"Maciejowice (3)";6298;
1403074;"Maciejowice - miasto (4)";1415;
1403075;"Maciejowice - obszar wiejski (5)";4883;
1403082;"Miastków Kościelny (2)";4584;
1403092;"Parysów (2)";4095;
1403103;"Pilawa (3)";10528;
1403104;"Pilawa - miasto (4)";4427;
1403105;"Pilawa - obszar wiejski (5)";6101;
1403112;"Sobolew (2)";7779;
1403122;"Trojanów (2)";7066;
1403132;"Wilga (2)";5088;
1403143;"Żelechów (3)";7699;
1403144;"Żelechów - miasto (4)";3655;
1403145;"Żelechów - obszar wiejski (5)";4044;
1404000;"Powiat gostyniński";41756;
1404011;"Gostynin (1)";16695;
1404022;"Gostynin (2)";11669;
1404032;"Pacyna (2)";3175;
1404043;"Sanniki (3)";5562;
1404044;"Sanniki - miasto (4)";1709;
1404045;"Sanniki - obszar wiejski (5)";3853;
1404052;"Szczawin Kościelny (2)";4655;
1405000;"Powiat grodziski";106973;
1405011;"Milanówek (1)";16317;
1405021;"Podkowa Leśna (1)";3741;
1405032;"Baranów (2)";5360;
1405043;"Grodzisk Mazowiecki (3)";56430;
1405044;"Grodzisk Mazowiecki - miasto (4)";35156;
1405045;"Grodzisk Mazowiecki - obszar wiejski (5)";21274;
1405052;"Jaktorów (2)";13675;
1405062;"Żabia Wola (2)";11450;
1406000;"Powiat grójecki";96662;
1406012;"Belsk Duży (2)";6140;
1406022;"Błędów (2)";6986;
1406032;"Chynów (2)";10119;
1406042;"Goszczyn (2)";2848;
1406053;"Grójec (3)";26181;
1406054;"Grójec - miasto (4)";16726;
1406055;"Grójec - obszar wiejski (5)";9455;
1406062;"Jasieniec (2)";5346;
1406073;"Mogielnica (3)";8097;
1406074;"Mogielnica - miasto (4)";2111;
1406075;"Mogielnica - obszar wiejski (5)";5986;
1406083;"Nowe Miasto nad Pilicą (3)";7041;
1406084;"Nowe Miasto nad Pilicą - miasto (4)";3430;
1406085;"Nowe Miasto nad Pilicą - obszar wiejski (5)";3611;
1406092;"Pniewy (2)";4864;
1406113;"Warka (3)";19040;
1406114;"Warka - miasto (4)";11870;
1406115;"Warka - obszar wiejski (5)";7170;
1407000;"Powiat kozienicki";56754;
1407012;"Garbatka-Letnisko (2)";4758;
1407023;"Głowaczów (3)";6624;
1407024;"Głowaczów - miasto (4)";807;
1407025;"Głowaczów - obszar wiejski (5)";5817;
1407032;"Gniewoszów (2)";3738;
1407042;"Grabów nad Pilicą (2)";4103;
1407053;"Kozienice (3)";27482;
1407054;"Kozienice - miasto (4)";15237;
1407055;"Kozienice - obszar wiejski (5)";12245;
1407063;"Magnuszew (3)";6340;
1407064;"Magnuszew - miasto (4)";973;
1407065;"Magnuszew - obszar wiejski (5)";5367;
1407072;"Sieciechów (2)";3709;
1408000;"Powiat legionowski";133097;
1408011;"Legionowo (1)";52247;
1408022;"Jabłonna (2)";23747;
1408032;"Nieporęt (2)";17401;
1408043;"Serock (3)";18148;
1408044;"Serock - miasto (4)";5381;
1408045;"Serock - obszar wiejski (5)";12767;
1408052;"Wieliszew (2)";21554;
1409000;"Powiat lipski";31251;
1409012;"Chotcza (2)";2160;
1409023;"Ciepielów (3)";5133;
1409024;"Ciepielów - miasto (4)";707;
1409025;"Ciepielów - obszar wiejski (5)";4426;
1409033;"Lipsko (3)";9968;
1409034;"Lipsko - miasto (4)";4912;
1409035;"Lipsko - obszar wiejski (5)";5056;
1409042;"Rzeczniów (2)";4015;
1409053;"Sienno (3)";5457;
1409054;"Sienno - miasto (4)";948;
1409055;"Sienno - obszar wiejski (5)";4509;
1409063;"Solec nad Wisłą (3)";4518;
1409064;"Solec nad Wisłą - miasto (4)";907;
1409065;"Solec nad Wisłą - obszar wiejski (5)";3611;
1410000;"Powiat łosicki";28338;
1410012;"Huszlew (2)";2600;
1410023;"Łosice (3)";10331;
1410024;"Łosice - miasto (4)";6777;
1410025;"Łosice - obszar wiejski (5)";3554;
1410032;"Olszanka (2)";2704;
1410042;"Platerów (2)";4325;
1410052;"Sarnaki (2)";4025;
1410062;"Stara Kornica (2)";4353;
1411000;"Powiat makowski";41254;
1411011;"Maków Mazowiecki (1)";8818;
1411022;"Czerwonka (2)";2537;
1411032;"Karniewo (2)";4780;
1411042;"Krasnosielc (2)";5801;
1411052;"Młynarze (2)";1610;
1411062;"Płoniawy-Bramura (2)";4763;
1411073;"Różan (3)";4174;
1411074;"Różan - miasto (4)";2566;
1411075;"Różan - obszar wiejski (5)";1608;
1411082;"Rzewnie (2)";2389;
1411092;"Sypniewo (2)";2879;
1411102;"Szelków (2)";3503;
1412000;"Powiat miński";159535;
1412011;"Mińsk Mazowiecki (1)";39645;
1412043;"Cegłów (3)";6073;
1412044;"Cegłów - miasto (4)";2344;
1412045;"Cegłów - obszar wiejski (5)";3729;
1412052;"Dębe Wielkie (2)";11956;
1412063;"Dobre (3)";5856;
1412064;"Dobre - miasto (4)";1823;
1412065;"Dobre - obszar wiejski (5)";4033;
1412073;"Halinów (3)";18287;
1412074;"Halinów - miasto (4)";3703;
1412075;"Halinów - obszar wiejski (5)";14584;
1412082;"Jakubów (2)";5071;
1412093;"Kałuszyn (3)";5480;
1412094;"Kałuszyn - miasto (4)";2675;
1412095;"Kałuszyn - obszar wiejski (5)";2805;
1412103;"Latowicz (3)";5109;
1412104;"Latowicz - miasto (4)";1343;
1412105;"Latowicz - obszar wiejski (5)";3766;
1412112;"Mińsk Mazowiecki (2)";17129;
1412123;"Mrozy (3)";8637;
1412124;"Mrozy - miasto (4)";3635;
1412125;"Mrozy - obszar wiejski (5)";5002;
1412133;"Siennica (3)";7688;
1412134;"Siennica - miasto (4)";2299;
1412135;"Siennica - obszar wiejski (5)";5389;
1412142;"Stanisławów (2)";7036;
1412151;"Sulejówek (1)";21568;
1413000;"Powiat mławski";68556;
1413011;"Mława (1)";30693;
1413022;"Dzierzgowo (2)";2704;
1413032;"Lipowiec Kościelny (2)";4421;
1413042;"Radzanów (2)";2872;
1413052;"Strzegowo (2)";6959;
1413062;"Stupsk (2)";4357;
1413072;"Szreńsk (2)";3744;
1413082;"Szydłowo (2)";4123;
1413092;"Wieczfnia Kościelna (2)";3597;
1413102;"Wiśniewo (2)";5086;
1414000;"Powiat nowodworski";79351;
1414011;"Nowy Dwór Mazowiecki (1)";28469;
1414022;"Czosnów (2)";11012;
1414032;"Leoncin (2)";5613;
1414043;"Nasielsk (3)";19139;
1414044;"Nasielsk - miasto (4)";7286;
1414045;"Nasielsk - obszar wiejski (5)";11853;
1414052;"Pomiechówek (2)";9287;
1414063;"Zakroczym (3)";5831;
1414064;"Zakroczym - miasto (4)";3119;
1414065;"Zakroczym - obszar wiejski (5)";2712;
1415000;"Powiat ostrołęcki";87397;
1415012;"Baranowo (2)";5924;
1415022;"Czarnia (2)";2206;
1415032;"Czerwin (2)";4674;
1415042;"Goworowo (2)";7784;
1415052;"Kadzidło (2)";11009;
1415062;"Lelis (2)";9906;
1415072;"Łyse (2)";8168;
1415083;"Myszyniec (3)";9906;
1415084;"Myszyniec - miasto (4)";3176;
1415085;"Myszyniec - obszar wiejski (5)";6730;
1415092;"Olszewo-Borki (2)";11035;
1415102;"Rzekuń (2)";12316;
1415112;"Troszyn (2)";4469;
1416000;"Powiat ostrowski";67854;
1416011;"Ostrów Mazowiecka (1)";21400;
1416022;"Andrzejewo (2)";3723;
1416032;"Boguty-Pianki (2)";2343;
1416043;"Brok (3)";2534;
1416044;"Brok - miasto (4)";1702;
1416045;"Brok - obszar wiejski (5)";832;
1416052;"Małkinia Górna (2)";10718;
1416062;"Nur (2)";2408;
1416072;"Ostrów Mazowiecka (2)";12562;
1416082;"Stary Lubotyń (2)";3556;
1416092;"Szulborze Wielkie (2)";1466;
1416102;"Wąsewo (2)";3907;
1416112;"Zaręby Kościelne (2)";3237;
1417000;"Powiat otwocki";126669;
1417011;"Józefów (1)";21235;
1417021;"Otwock (1)";43527;
1417032;"Celestynów (2)";11639;
1417043;"Karczew (3)";15831;
1417044;"Karczew - miasto (4)";9191;
1417045;"Karczew - obszar wiejski (5)";6640;
1417052;"Kołbiel (2)";8320;
1417063;"Osieck (3)";3651;
1417064;"Osieck - miasto (4)";1104;
1417065;"Osieck - obszar wiejski (5)";2547;
1417072;"Sobienie-Jeziory (2)";6190;
1417082;"Wiązowna (2)";16276;
1418000;"Powiat piaseczyński";217738;
1418013;"Góra Kalwaria (3)";28622;
1418014;"Góra Kalwaria - miasto (4)";12216;
1418015;"Góra Kalwaria - obszar wiejski (5)";16406;
1418023;"Konstancin-Jeziorna (3)";25012;
1418024;"Konstancin-Jeziorna - miasto (4)";16777;
1418025;"Konstancin-Jeziorna - obszar wiejski (5)";8235;
1418032;"Lesznowola (2)";39913;
1418043;"Piaseczno (3)";97948;
1418044;"Piaseczno - miasto (4)";51678;
1418045;"Piaseczno - obszar wiejski (5)";46270;
1418052;"Prażmów (2)";13654;
1418063;"Tarczyn (3)";12589;
1418064;"Tarczyn - miasto (4)";4371;
1418065;"Tarczyn - obszar wiejski (5)";8218;
1419000;"Powiat płocki";109144;
1419012;"Bielsk (2)";8812;
1419023;"Bodzanów (3)";7699;
1419024;"Bodzanów - miasto (4)";1132;
1419025;"Bodzanów - obszar wiejski (5)";6567;
1419032;"Brudzeń Duży (2)";8160;
1419042;"Bulkowo (2)";5165;
1419053;"Drobin (3)";7200;
1419054;"Drobin - miasto (4)";2604;
1419055;"Drobin - obszar wiejski (5)";4596;
1419063;"Gąbin (3)";11097;
1419064;"Gąbin - miasto (4)";4108;
1419065;"Gąbin - obszar wiejski (5)";6989;
1419072;"Łąck (2)";5412;
1419082;"Mała Wieś (2)";5603;
1419092;"Nowy Duninów (2)";3929;
1419102;"Radzanowo (2)";8808;
1419112;"Słubice (2)";4082;
1419122;"Słupno (2)";9135;
1419132;"Stara Biała (2)";12237;
1419142;"Staroźreby (2)";6681;
1419153;"Wyszogród (3)";5124;
1419154;"Wyszogród - miasto (4)";2344;
1419155;"Wyszogród - obszar wiejski (5)";2780;
1420000;"Powiat płoński";83436;
1420011;"Płońsk (1)";21381;
1420021;"Raciąż (1)";3932;
1420032;"Baboszewo (2)";7346;
1420043;"Czerwińsk nad Wisłą (3)";7067;
1420044;"Czerwińsk nad Wisłą - miasto (4)";975;
1420045;"Czerwińsk nad Wisłą - obszar wiejski (5)";6092;
1420052;"Dzierzążnia (2)";3330;
1420062;"Joniec (2)";2800;
1420072;"Naruszewo (2)";5839;
1420083;"Nowe Miasto (3)";4548;
1420084;"Nowe Miasto - miasto (4)";1510;
1420085;"Nowe Miasto - obszar wiejski (5)";3038;
1420092;"Płońsk (2)";8471;
1420102;"Raciąż (2)";7714;
1420113;"Sochocin (3)";5558;
1420114;"Sochocin - miasto (4)";1894;
1420115;"Sochocin - obszar wiejski (5)";3664;
1420122;"Załuski (2)";5450;
1421000;"Powiat pruszkowski";181026;
1421011;"Piastów (1)";22719;
1421021;"Pruszków (1)";65686;
1421033;"Brwinów (3)";30164;
1421034;"Brwinów - miasto (4)";14624;
1421035;"Brwinów - obszar wiejski (5)";15540;
1421042;"Michałowice (2)";19496;
1421052;"Nadarzyn (2)";18761;
1421062;"Raszyn (2)";24200;
1422000;"Powiat przasnyski";48615;
1422011;"Przasnysz (1)";16189;
1422023;"Chorzele (3)";9184;
1422024;"Chorzele - miasto (4)";2879;
1422025;"Chorzele - obszar wiejski (5)";6305;
1422032;"Czernice Borowe (2)";3456;
1422042;"Jednorożec (2)";6575;
1422052;"Krasne (2)";3212;
1422062;"Krzynowłoga Mała (2)";3192;
1422072;"Przasnysz (2)";6807;
1423000;"Powiat przysuski";38291;
1423012;"Borkowice (2)";3964;
1423023;"Gielniów (3)";4238;
1423024;"Gielniów - miasto (4)";768;
1423025;"Gielniów - obszar wiejski (5)";3470;
1423032;"Klwów (2)";3087;
1423043;"Odrzywół (3)";3353;
1423044;"Odrzywół - miasto (4)";993;
1423045;"Odrzywół - obszar wiejski (5)";2360;
1423052;"Potworów (2)";3976;
1423063;"Przysucha (3)";10689;
1423064;"Przysucha - miasto (4)";5191;
1423065;"Przysucha - obszar wiejski (5)";5498;
1423072;"Rusinów (2)";3959;
1423082;"Wieniawa (2)";5025;
1424000;"Powiat pułtuski";50163;
1424012;"Gzy (2)";3509;
1424022;"Obryte (2)";4301;
1424032;"Pokrzywnica (2)";5143;
1424043;"Pułtusk (3)";24084;
1424044;"Pułtusk - miasto (4)";18973;
1424045;"Pułtusk - obszar wiejski (5)";5111;
1424052;"Świercze (2)";4445;
1424062;"Winnica (2)";3974;
1424072;"Zatory (2)";4707;
1425000;"Powiat radomski";151367;
1425011;"Pionki (1)";15824;
1425022;"Gózd (2)";9626;
1425033;"Iłża (3)";13428;
1425034;"Iłża - miasto (4)";4182;
1425035;"Iłża - obszar wiejski (5)";9246;
1425042;"Jastrzębia (2)";7134;
1425052;"Jedlińsk (2)";14612;
1425063;"Jedlnia-Letnisko (3)";13661;
1425064;"Jedlnia-Letnisko - miasto (4)";3972;
1425065;"Jedlnia-Letnisko - obszar wiejski (5)";9689;
1425072;"Kowala (2)";12493;
1425082;"Pionki (2)";9640;
1425093;"Przytyk (3)";7058;
1425094;"Przytyk - miasto (4)";906;
1425095;"Przytyk - obszar wiejski (5)";6152;
1425103;"Skaryszew (3)";15581;
1425104;"Skaryszew - miasto (4)";4446;
1425105;"Skaryszew - obszar wiejski (5)";11135;
1425112;"Wierzbica (2)";9113;
1425122;"Wolanów (2)";9049;
1425132;"Zakrzew (2)";14148;
1426000;"Powiat siedlecki";80446;
1426012;"Domanice (2)";2480;
1426022;"Korczew (2)";2306;
1426032;"Kotuń (2)";8081;
1426042;"Mokobody (2)";4745;
1426053;"Mordy (3)";5293;
1426054;"Mordy - miasto (4)";1580;
1426055;"Mordy - obszar wiejski (5)";3713;
1426062;"Paprotnia (2)";2382;
1426072;"Przesmyki (2)";2750;
1426082;"Siedlce (2)";19890;
1426092;"Skórzec (2)";8217;
1426102;"Suchożebry (2)";4731;
1426112;"Wiśniew (2)";5730;
1426122;"Wodynie (2)";4074;
1426132;"Zbuczyn (2)";9767;
1427000;"Powiat sierpecki";47742;
1427011;"Sierpc (1)";16692;
1427022;"Gozdowo (2)";5616;
1427032;"Mochowo (2)";5482;
1427042;"Rościszewo (2)";3705;
1427052;"Sierpc (2)";6536;
1427062;"Szczutowo (2)";3938;
1427072;"Zawidz (2)";5773;
1428000;"Powiat sochaczewski";82854;
1428011;"Sochaczew (1)";33154;
1428022;"Brochów (2)";4430;
1428032;"Iłów (2)";5826;
1428042;"Młodzieszyn (2)";5595;
1428052;"Nowa Sucha (2)";6889;
1428062;"Rybno (2)";3404;
1428072;"Sochaczew (2)";12001;
1428082;"Teresin (2)";11555;
1429000;"Powiat sokołowski";49551;
1429011;"Sokołów Podlaski (1)";18209;
1429022;"Bielany (2)";3462;
1429032;"Ceranów (2)";1777;
1429042;"Jabłonna Lacka (2)";4002;
1429053;"Kosów Lacki (3)";5279;
1429054;"Kosów Lacki - miasto (4)";1964;
1429055;"Kosów Lacki - obszar wiejski (5)";3315;
1429062;"Repki (2)";4522;
1429072;"Sabnie (2)";3200;
1429082;"Sokołów Podlaski (2)";5772;
1429092;"Sterdyń (2)";3328;
1430000;"Powiat szydłowiecki";37244;
1430012;"Chlewiska (2)";5425;
1430023;"Jastrząb (3)";5125;
1430024;"Jastrząb - miasto (4)";1187;
1430025;"Jastrząb - obszar wiejski (5)";3938;
1430032;"Mirów (2)";3715;
1430042;"Orońsko (2)";5934;
1430053;"Szydłowiec (3)";17045;
1430054;"Szydłowiec - miasto (4)";10401;
1430055;"Szydłowiec - obszar wiejski (5)";6644;
1432000;"Powiat warszawski zachodni";136493;
1432013;"Błonie (3)";22510;
1432014;"Błonie - miasto (4)";12165;
1432015;"Błonie - obszar wiejski (5)";10345;
1432022;"Izabelin (2)";10720;
1432032;"Kampinos (2)";4499;
1432042;"Leszno (2)";11175;
1432053;"Łomianki (3)";32199;
1432054;"Łomianki - miasto (4)";18248;
1432055;"Łomianki - obszar wiejski (5)";13951;
1432063;"Ożarów Mazowiecki (3)";32078;
1432064;"Ożarów Mazowiecki - miasto (4)";15940;
1432065;"Ożarów Mazowiecki - obszar wiejski (5)";16138;
1432072;"Stare Babice (2)";23312;
1433000;"Powiat węgrowski";61472;
1433011;"Węgrów (1)";11718;
1433022;"Grębków (2)";4228;
1433032;"Korytnica (2)";5466;
1433042;"Liw (2)";7017;
1433053;"Łochów (3)";17230;
1433054;"Łochów - miasto (4)";6502;
1433055;"Łochów - obszar wiejski (5)";10728;
1433062;"Miedzna (2)";3544;
1433072;"Sadowne (2)";5430;
1433082;"Stoczek (2)";4437;
1433092;"Wierzbno (2)";2402;
1434000;"Powiat wołomiński";277725;
1434011;"Kobyłka (1)";28599;
1434021;"Marki (1)";46163;
1434031;"Ząbki (1)";45538;
1434041;"Zielonka (1)";18047;
1434052;"Dąbrówka (2)";8700;
1434063;"Jadów (3)";6976;
1434064;"Jadów - miasto (4)";895;
1434065;"Jadów - obszar wiejski (5)";6081;
1434072;"Klembów (2)";11568;
1434082;"Poświętne (2)";6542;
1434093;"Radzymin (3)";31933;
1434094;"Radzymin - miasto (4)";15333;
1434095;"Radzymin - obszar wiejski (5)";16600;
1434102;"Strachówka (2)";2563;
1434113;"Tłuszcz (3)";20204;
1434114;"Tłuszcz - miasto (4)";8064;
1434115;"Tłuszcz - obszar wiejski (5)";12140;
1434123;"Wołomin (3)";50892;
1434124;"Wołomin - miasto (4)";35313;
1434125;"Wołomin - obszar wiejski (5)";15579;
1435000;"Powiat wyszkowski";73179;
1435012;"Brańszczyk (2)";8039;
1435022;"Długosiodło (2)";7391;
1435032;"Rząśnik (2)";6765;
1435042;"Somianka (2)";5603;
1435053;"Wyszków (3)";39165;
1435054;"Wyszków - miasto (4)";25857;
1435055;"Wyszków - obszar wiejski (5)";13308;
1435062;"Zabrodzie (2)";6216;
1436000;"Powiat zwoleński";34091;
1436012;"Kazanów (2)";4228;
1436022;"Policzna (2)";5088;
1436032;"Przyłęk (2)";5741;
1436042;"Tczów (2)";4755;
1436053;"Zwoleń (3)";14279;
1436054;"Zwoleń - miasto (4)";7081;
1436055;"Zwoleń - obszar wiejski (5)";7198;
1437000;"Powiat żuromiński";35122;
1437013;"Bieżuń (3)";4478;
1437014;"Bieżuń - miasto (4)";1683;
1437015;"Bieżuń - obszar wiejski (5)";2795;
1437022;"Kuczbork-Osada (2)";4192;
1437033;"Lubowidz (3)";6196;
1437034;"Lubowidz - miasto (4)";1463;
1437035;"Lubowidz - obszar wiejski (5)";4733;
1437042;"Lutocin (2)";3919;
1437052;"Siemiątkowo (2)";3139;
1437063;"Żuromin (3)";13198;
1437064;"Żuromin - miasto (4)";8415;
1437065;"Żuromin - obszar wiejski (5)";4783;
1438000;"Powiat żyrardowski";74935;
1438011;"Żyrardów (1)";38401;
1438023;"Mszczonów (3)";11247;
1438024;"Mszczonów - miasto (4)";6022;
1438025;"Mszczonów - obszar wiejski (5)";5225;
1438032;"Puszcza Mariańska (2)";8795;
1438042;"Radziejowice (2)";6545;
1438053;"Wiskitki (3)";9947;
1438054;"Wiskitki - miasto (4)";1478;
1438055;"Wiskitki - obszar wiejski (5)";8469;
1461000;"Powiat m. Ostrołęka";47696;
1461011;"Ostrołęka (1)";47696;
1462000;"Powiat m. Płock";110015;
1462011;"Płock (1)";110015;
1463000;"Powiat m. Radom";193777;
1463011;"Radom (1)";193777;
1464000;"Powiat m. Siedlce";74780;
1464011;"Siedlce (1)";74780;
1465000;"Powiat m. st. Warszawa";1863845;
1465011;"M.st.Warszawa od 2002 (1)";1863845;
1465028;"Bemowo - dzielnica (8)";128895;
1465038;"Białołęka - dzielnica (8)";161428;
1465048;"Bielany - dzielnica (8)";130527;
1465058;"Mokotów - dzielnica (8)";224935;
1465068;"Ochota - dzielnica (8)";78643;
1465078;"Praga-Południe - dzielnica (8)";186302;
1465088;"Praga-Północ - dzielnica (8)";59183;
1465098;"Rembertów - dzielnica (8)";25010;
1465108;"Śródmieście - dzielnica (8)";96225;
1465118;"Targówek - dzielnica (8)";122711;
1465128;"Ursus - dzielnica (8)";71020;
1465138;"Ursynów - dzielnica (8)";149879;
1465148;"Wawer - dzielnica (8)";89544;
1465158;"Wesoła - dzielnica (8)";26698;
1465168;"Wilanów - dzielnica (8)";53162;
1465178;"Włochy - dzielnica (8)";50753;
1465188;"Wola - dzielnica (8)";150203;
1465198;"Żoliborz - dzielnica (8)";58727;
1600000;"OPOLSKIE";930296;
1601000;"Powiat brzeski";85613;
1601011;"Brzeg (1)";33101;
1601022;"Skarbimierz (2)";8806;
1601033;"Grodków (3)";17729;
1601034;"Grodków - miasto (4)";7800;
1601035;"Grodków - obszar wiejski (5)";9929;
1601043;"Lewin Brzeski (3)";12330;
1601044;"Lewin Brzeski - miasto (4)";5537;
1601045;"Lewin Brzeski - obszar wiejski (5)";6793;
1601052;"Lubsza (2)";8956;
1601062;"Olszanka (2)";4691;
1602000;"Powiat głubczycki";42092;
1602013;"Baborów (3)";5542;
1602014;"Baborów - miasto (4)";2721;
1602015;"Baborów - obszar wiejski (5)";2821;
1602022;"Branice (2)";6175;
1602033;"Głubczyce (3)";20541;
1602034;"Głubczyce - miasto (4)";11452;
1602035;"Głubczyce - obszar wiejski (5)";9089;
1602043;"Kietrz (3)";9834;
1602044;"Kietrz - miasto (4)";5418;
1602045;"Kietrz - obszar wiejski (5)";4416;
1603000;"Powiat kędzierzyńsko-kozielski";85435;
1603011;"Kędzierzyn-Koźle (1)";53849;
1603022;"Bierawa (2)";7505;
1603032;"Cisek (2)";5263;
1603042;"Pawłowiczki (2)";6942;
1603052;"Polska Cerekiew (2)";3714;
1603062;"Reńska Wieś (2)";8162;
1604000;"Powiat kluczborski";60536;
1604013;"Byczyna (3)";8462;
1604014;"Byczyna - miasto (4)";3309;
1604015;"Byczyna - obszar wiejski (5)";5153;
1604023;"Kluczbork (3)";33669;
1604024;"Kluczbork - miasto (4)";21607;
1604025;"Kluczbork - obszar wiejski (5)";12062;
1604032;"Lasowice Wielkie (2)";6332;
1604043;"Wołczyn (3)";12073;
1604044;"Wołczyn - miasto (4)";5267;
1604045;"Wołczyn - obszar wiejski (5)";6806;
1605000;"Powiat krapkowicki";59288;
1605013;"Gogolin (3)";11632;
1605014;"Gogolin - miasto (4)";6421;
1605015;"Gogolin - obszar wiejski (5)";5211;
1605023;"Krapkowice (3)";21365;
1605024;"Krapkowice - miasto (4)";15139;
1605025;"Krapkowice - obszar wiejski (5)";6226;
1605033;"Strzeleczki (3)";7203;
1605034;"Strzeleczki - miasto (4)";1521;
1605035;"Strzeleczki - obszar wiejski (5)";5682;
1605042;"Walce (2)";5125;
1605053;"Zdzieszowice (3)";13963;
1605054;"Zdzieszowice - miasto (4)";10035;
1605055;"Zdzieszowice - obszar wiejski (5)";3928;
1606000;"Powiat namysłowski";41753;
1606012;"Domaszowice (2)";3422;
1606023;"Namysłów (3)";26195;
1606024;"Namysłów - miasto (4)";16716;
1606025;"Namysłów - obszar wiejski (5)";9479;
1606032;"Pokój (2)";4950;
1606042;"Świerczów (2)";3019;
1606052;"Wilków (2)";4167;
1607000;"Powiat nyski";126897;
1607013;"Głuchołazy (3)";22064;
1607014;"Głuchołazy - miasto (4)";12474;
1607015;"Głuchołazy - obszar wiejski (5)";9590;
1607022;"Kamiennik (2)";3100;
1607033;"Korfantów (3)";8298;
1607034;"Korfantów - miasto (4)";1692;
1607035;"Korfantów - obszar wiejski (5)";6606;
1607042;"Łambinowice (2)";7092;
1607053;"Nysa (3)";53336;
1607054;"Nysa - miasto (4)";40287;
1607055;"Nysa - obszar wiejski (5)";13049;
1607063;"Otmuchów (3)";12652;
1607064;"Otmuchów - miasto (4)";6096;
1607065;"Otmuchów - obszar wiejski (5)";6556;
1607073;"Paczków (3)";11254;
1607074;"Paczków - miasto (4)";6527;
1607075;"Paczków - obszar wiejski (5)";4727;
1607082;"Pakosławice (2)";3273;
1607092;"Skoroszyce (2)";5828;
1608000;"Powiat oleski";60798;
1608013;"Dobrodzień (3)";9104;
1608014;"Dobrodzień - miasto (4)";3424;
1608015;"Dobrodzień - obszar wiejski (5)";5680;
1608023;"Gorzów Śląski (3)";6846;
1608024;"Gorzów Śląski - miasto (4)";2418;
1608025;"Gorzów Śląski - obszar wiejski (5)";4428;
1608033;"Olesno (3)";17090;
1608034;"Olesno - miasto (4)";8957;
1608035;"Olesno - obszar wiejski (5)";8133;
1608043;"Praszka (3)";12725;
1608044;"Praszka - miasto (4)";6975;
1608045;"Praszka - obszar wiejski (5)";5750;
1608052;"Radłów (2)";4010;
1608062;"Rudniki (2)";7593;
1608072;"Zębowice (2)";3430;
1609000;"Powiat opolski";120754;
1609012;"Chrząstowice (2)";7195;
1609022;"Dąbrowa (2)";8201;
1609032;"Dobrzeń Wielki (2)";9145;
1609042;"Komprachcice (2)";9347;
1609052;"Łubniany (2)";10156;
1609062;"Murów (2)";5017;
1609073;"Niemodlin (3)";12420;
1609074;"Niemodlin - miasto (4)";5734;
1609075;"Niemodlin - obszar wiejski (5)";6686;
1609083;"Ozimek (3)";18360;
1609084;"Ozimek - miasto (4)";7780;
1609085;"Ozimek - obszar wiejski (5)";10580;
1609092;"Popielów (2)";7611;
1609103;"Prószków (3)";9026;
1609104;"Prószków - miasto (4)";2542;
1609105;"Prószków - obszar wiejski (5)";6484;
1609112;"Tarnów Opolski (2)";9376;
1609123;"Tułowice (3)";4886;
1609124;"Tułowice - miasto (4)";3591;
1609125;"Tułowice - obszar wiejski (5)";1295;
1609132;"Turawa (2)";10014;
1610000;"Powiat prudnicki";50875;
1610013;"Biała (3)";9751;
1610014;"Biała - miasto (4)";2224;
1610015;"Biała - obszar wiejski (5)";7527;
1610023;"Głogówek (3)";12430;
1610024;"Głogówek - miasto (4)";5418;
1610025;"Głogówek - obszar wiejski (5)";7012;
1610032;"Lubrza (2)";4124;
1610043;"Prudnik (3)";24570;
1610044;"Prudnik - miasto (4)";18689;
1610045;"Prudnik - obszar wiejski (5)";5881;
1611000;"Powiat strzelecki";70763;
1611012;"Izbicko (2)";5313;
1611022;"Jemielnica (2)";7034;
1611033;"Kolonowskie (3)";5630;
1611034;"Kolonowskie - miasto (4)";3189;
1611035;"Kolonowskie - obszar wiejski (5)";2441;
1611043;"Leśnica (3)";7352;
1611044;"Leśnica - miasto (4)";2517;
1611045;"Leśnica - obszar wiejski (5)";4835;
1611053;"Strzelce Opolskie (3)";28713;
1611054;"Strzelce Opolskie - miasto (4)";16734;
1611055;"Strzelce Opolskie - obszar wiejski (5)";11979;
1611063;"Ujazd (3)";6369;
1611064;"Ujazd - miasto (4)";1833;
1611065;"Ujazd - obszar wiejski (5)";4536;
1611073;"Zawadzkie (3)";10352;
1611074;"Zawadzkie - miasto (4)";6298;
1611075;"Zawadzkie - obszar wiejski (5)";4054;
1661000;"Powiat m. Opole";125492;
1661011;"Opole (1)";125492;
1800000;"PODKARPACKIE";2062997;
1801000;"Powiat bieszczadzki";20423;
1801032;"Czarna (2)";2346;
1801052;"Lutowiska (2)";1953;
1801083;"Ustrzyki Dolne (3)";16124;
1801084;"Ustrzyki Dolne - miasto (4)";8246;
1801085;"Ustrzyki Dolne - obszar wiejski (5)";7878;
1802000;"Powiat brzozowski";62822;
1802013;"Brzozów (3)";25777;
1802014;"Brzozów - miasto (4)";7168;
1802015;"Brzozów - obszar wiejski (5)";18609;
1802022;"Domaradz (2)";5789;
1802032;"Dydnia (2)";7464;
1802042;"Haczów (2)";8927;
1802052;"Jasienica Rosielna (2)";7458;
1802062;"Nozdrzec (2)";7407;
1803000;"Powiat dębicki";131981;
1803011;"Dębica (1)";42600;
1803023;"Brzostek (3)";12592;
1803024;"Brzostek - miasto (4)";2663;
1803025;"Brzostek - obszar wiejski (5)";9929;
1803032;"Czarna (2)";13330;
1803042;"Dębica (2)";25600;
1803052;"Jodłowa (2)";5184;
1803063;"Pilzno (3)";18227;
1803064;"Pilzno - miasto (4)";4977;
1803065;"Pilzno - obszar wiejski (5)";13250;
1803072;"Żyraków (2)";14448;
1804000;"Powiat jarosławski";115103;
1804011;"Jarosław (1)";34966;
1804021;"Radymno (1)";4873;
1804032;"Chłopice (2)";5229;
1804042;"Jarosław (2)";13101;
1804052;"Laszki (2)";6476;
1804062;"Pawłosiów (2)";8372;
1804073;"Pruchnik (3)";9238;
1804074;"Pruchnik - miasto (4)";3621;
1804075;"Pruchnik - obszar wiejski (5)";5617;
1804082;"Radymno (2)";10819;
1804092;"Rokietnica (2)";4109;
1804102;"Roźwienica (2)";6105;
1804112;"Wiązownica (2)";11815;
1805000;"Powiat jasielski";108084;
1805011;"Jasło (1)";32378;
1805022;"Brzyska (2)";6284;
1805032;"Dębowiec (2)";8752;
1805042;"Jasło (2)";15872;
1805053;"Kołaczyce (3)";8573;
1805054;"Kołaczyce - miasto (4)";1359;
1805055;"Kołaczyce - obszar wiejski (5)";7214;
1805062;"Krempna (2)";1673;
1805072;"Nowy Żmigród (2)";8535;
1805082;"Osiek Jasielski (2)";5150;
1805092;"Skołyszyn (2)";11893;
1805112;"Tarnowiec (2)";8974;
1806000;"Powiat kolbuszowski";60895;
1806012;"Cmolas (2)";7915;
1806023;"Kolbuszowa (3)";24138;
1806024;"Kolbuszowa - miasto (4)";8394;
1806025;"Kolbuszowa - obszar wiejski (5)";15744;
1806032;"Majdan Królewski (2)";9521;
1806042;"Niwiska (2)";6209;
1806052;"Raniżów (2)";6872;
1806062;"Dzikowiec (2)";6240;
1807000;"Powiat krośnieński";108034;
1807012;"Chorkówka (2)";13451;
1807023;"Dukla (3)";13736;
1807024;"Dukla - miasto (4)";1919;
1807025;"Dukla - obszar wiejski (5)";11817;
1807033;"Iwonicz-Zdrój (3)";10164;
1807034;"Iwonicz-Zdrój - miasto (4)";1511;
1807035;"Iwonicz-Zdrój - obszar wiejski (5)";8653;
1807043;"Jedlicze (3)";14852;
1807044;"Jedlicze - miasto (4)";5462;
1807045;"Jedlicze - obszar wiejski (5)";9390;
1807052;"Korczyna (2)";11047;
1807062;"Krościenko Wyżne (2)";5294;
1807072;"Miejsce Piastowe (2)";13216;
1807083;"Rymanów (3)";15048;
1807084;"Rymanów - miasto (4)";3508;
1807085;"Rymanów - obszar wiejski (5)";11540;
1807092;"Wojaszówka (2)";9195;
1807102;"Jaśliska (2)";2031;
1808000;"Powiat leżajski";66263;
1808011;"Leżajsk (1)";12564;
1808022;"Grodzisko Dolne (2)";7680;
1808032;"Kuryłówka (2)";5454;
1808042;"Leżajsk (2)";19792;
1808053;"Nowa Sarzyna (3)";20773;
1808054;"Nowa Sarzyna - miasto (4)";5259;
1808055;"Nowa Sarzyna - obszar wiejski (5)";15514;
1809000;"Powiat lubaczowski";51997;
1809011;"Lubaczów (1)";11235;
1809023;"Cieszanów (3)";6629;
1809024;"Cieszanów - miasto (4)";1794;
1809025;"Cieszanów - obszar wiejski (5)";4835;
1809032;"Horyniec-Zdrój (2)";4212;
1809042;"Lubaczów (2)";8911;
1809053;"Narol (3)";7450;
1809054;"Narol - miasto (4)";1941;
1809055;"Narol - obszar wiejski (5)";5509;
1809063;"Oleszyce (3)";6017;
1809064;"Oleszyce - miasto (4)";2779;
1809065;"Oleszyce - obszar wiejski (5)";3238;
1809072;"Stary Dzików (2)";3916;
1809082;"Wielkie Oczy (2)";3627;
1810000;"Powiat łańcucki";80749;
1810011;"Łańcut (1)";17772;
1810022;"Białobrzegi (2)";8705;
1810032;"Czarna (2)";12094;
1810042;"Łańcut (2)";21742;
1810052;"Markowa (2)";6330;
1810062;"Rakszawa (2)";7210;
1810072;"Żołynia (2)";6896;
1811000;"Powiat mielecki";132484;
1811011;"Mielec (1)";56515;
1811022;"Borowa (2)";5185;
1811032;"Czermin (2)";7039;
1811042;"Gawłuszowice (2)";2739;
1811052;"Mielec (2)";13724;
1811062;"Padew Narodowa (2)";5078;
1811073;"Przecław (3)";12046;
1811074;"Przecław - miasto (4)";1831;
1811075;"Przecław - obszar wiejski (5)";10215;
1811083;"Radomyśl Wielki (3)";14248;
1811084;"Radomyśl Wielki - miasto (4)";3452;
1811085;"Radomyśl Wielki - obszar wiejski (5)";10796;
1811092;"Tuszów Narodowy (2)";8269;
1811102;"Wadowice Górne (2)";7641;
1812000;"Powiat niżański";63189;
1812012;"Harasiuki (2)";5643;
1812022;"Jarocin (2)";5021;
1812032;"Jeżowe (2)";9835;
1812042;"Krzeszów (2)";4072;
1812053;"Nisko (3)";21079;
1812054;"Nisko - miasto (4)";14310;
1812055;"Nisko - obszar wiejski (5)";6769;
1812063;"Rudnik nad Sanem (3)";9749;
1812064;"Rudnik nad Sanem - miasto (4)";6315;
1812065;"Rudnik nad Sanem - obszar wiejski (5)";3434;
1812073;"Ulanów (3)";7790;
1812074;"Ulanów - miasto (4)";1343;
1812075;"Ulanów - obszar wiejski (5)";6447;
1813000;"Powiat przemyski";70688;
1813013;"Bircza (3)";5842;
1813014;"Bircza - miasto (4)";976;
1813015;"Bircza - obszar wiejski (5)";4866;
1813023;"Dubiecko (3)";8622;
1813024;"Dubiecko - miasto (4)";784;
1813025;"Dubiecko - obszar wiejski (5)";7838;
1813032;"Fredropol (2)";5142;
1813042;"Krasiczyn (2)";5083;
1813052;"Krzywcza (2)";4470;
1813062;"Medyka (2)";6265;
1813072;"Orły (2)";8507;
1813082;"Przemyśl (2)";10646;
1813092;"Stubno (2)";3636;
1813102;"Żurawica (2)";12475;
1814000;"Powiat przeworski";75370;
1814011;"Przeworsk (1)";14422;
1814022;"Adamówka (2)";3965;
1814032;"Gać (2)";4498;
1814043;"Jawornik Polski (3)";4212;
1814044;"Jawornik Polski - miasto (4)";1158;
1814045;"Jawornik Polski - obszar wiejski (5)";3054;
1814053;"Kańczuga (3)";11554;
1814054;"Kańczuga - miasto (4)";2859;
1814055;"Kańczuga - obszar wiejski (5)";8695;
1814062;"Przeworsk (2)";14551;
1814073;"Sieniawa (3)";6736;
1814074;"Sieniawa - miasto (4)";1985;
1814075;"Sieniawa - obszar wiejski (5)";4751;
1814082;"Tryńcza (2)";8544;
1814092;"Zarzecze (2)";6888;
1815000;"Powiat ropczycko-sędziszowski";74083;
1815012;"Iwierzyce (2)";7760;
1815022;"Ostrów (2)";7513;
1815033;"Ropczyce (3)";27260;
1815034;"Ropczyce - miasto (4)";15855;
1815035;"Ropczyce - obszar wiejski (5)";11405;
1815043;"Sędziszów Małopolski (3)";23822;
1815044;"Sędziszów Małopolski - miasto (4)";12423;
1815045;"Sędziszów Małopolski - obszar wiejski (5)";11399;
1815052;"Wielopole Skrzyńskie (2)";7728;
1816000;"Powiat rzeszowski";176821;
1816011;"Dynów (1)";5959;
1816023;"Błażowa (3)";10761;
1816024;"Błażowa - miasto (4)";2074;
1816025;"Błażowa - obszar wiejski (5)";8687;
1816033;"Boguchwała (3)";22234;
1816034;"Boguchwała - miasto (4)";6329;
1816035;"Boguchwała - obszar wiejski (5)";15905;
1816042;"Chmielnik (2)";7362;
1816052;"Dynów (2)";6559;
1816063;"Głogów Małopolski (3)";20115;
1816064;"Głogów Małopolski - miasto (4)";10871;
1816065;"Głogów Małopolski - obszar wiejski (5)";9244;
1816072;"Hyżne (2)";6980;
1816082;"Kamień (2)";6821;
1816092;"Krasne (2)";13178;
1816102;"Lubenia (2)";6511;
1816113;"Sokołów Małopolski (3)";17406;
1816114;"Sokołów Małopolski - miasto (4)";4376;
1816115;"Sokołów Małopolski - obszar wiejski (5)";13030;
1816122;"Świlcza (2)";16732;
1816132;"Trzebownisko (2)";24621;
1816143;"Tyczyn (3)";11582;
1816144;"Tyczyn - miasto (4)";4627;
1816145;"Tyczyn - obszar wiejski (5)";6955;
1817000;"Powiat sanocki";89001;
1817011;"Sanok (1)";33844;
1817022;"Besko (2)";4341;
1817032;"Bukowsko (2)";5267;
1817042;"Komańcza (2)";4053;
1817052;"Sanok (2)";18084;
1817062;"Tyrawa Wołoska (2)";1910;
1817073;"Zagórz (3)";12580;
1817074;"Zagórz - miasto (4)";4865;
1817075;"Zagórz - obszar wiejski (5)";7715;
1817082;"Zarszyn (2)";8922;
1818000;"Powiat stalowowolski";100034;
1818011;"Stalowa Wola (1)";54300;
1818022;"Bojanów (2)";7645;
1818032;"Pysznica (2)";11979;
1818042;"Radomyśl nad Sanem (2)";7180;
1818053;"Zaklików (3)";7958;
1818054;"Zaklików - miasto (4)";2739;
1818055;"Zaklików - obszar wiejski (5)";5219;
1818062;"Zaleszany (2)";10972;
1819000;"Powiat strzyżowski";58775;
1819012;"Czudec (2)";11491;
1819022;"Frysztak (2)";9997;
1819032;"Niebylec (2)";10189;
1819043;"Strzyżów (3)";19566;
1819044;"Strzyżów - miasto (4)";8327;
1819045;"Strzyżów - obszar wiejski (5)";11239;
1819052;"Wiśniowa (2)";7532;
1820000;"Powiat tarnobrzeski";50550;
1820013;"Baranów Sandomierski (3)";11222;
1820014;"Baranów Sandomierski - miasto (4)";1386;
1820015;"Baranów Sandomierski - obszar wiejski (5)";9836;
1820022;"Gorzyce (2)";12494;
1820032;"Grębów (2)";9939;
1820043;"Nowa Dęba (3)";16895;
1820044;"Nowa Dęba - miasto (4)";10268;
1820045;"Nowa Dęba - obszar wiejski (5)";6627;
1821000;"Powiat leski";25224;
1821012;"Baligród (2)";3051;
1821022;"Cisna (2)";1689;
1821033;"Lesko (3)";10701;
1821034;"Lesko - miasto (4)";5042;
1821035;"Lesko - obszar wiejski (5)";5659;
1821042;"Olszanica (2)";4618;
1821052;"Solina (2)";5165;
1861000;"Powiat m. Krosno";43594;
1861011;"Krosno (1)";43594;
1862000;"Powiat m. Przemyśl";55292;
1862011;"Przemyśl (1)";55292;
1863000;"Powiat m. Rzeszów";198317;
1863011;"Rzeszów (1)";198317;
1864000;"Powiat m. Tarnobrzeg";43224;
1864011;"Tarnobrzeg (1)";43224;
2000000;"PODLASKIE";1132641;
2001000;"Powiat augustowski";54022;
2001011;"Augustów (1)";28793;
2001022;"Augustów (2)";6377;
2001032;"Bargłów Kościelny (2)";4975;
2001043;"Lipsk (3)";4303;
2001044;"Lipsk - miasto (4)";2034;
2001045;"Lipsk - obszar wiejski (5)";2269;
2001052;"Nowinka (2)";2854;
2001062;"Płaska (2)";2285;
2001072;"Sztabin (2)";4435;
2002000;"Powiat białostocki";159170;
2002013;"Choroszcz (3)";18553;
2002014;"Choroszcz - miasto (4)";6185;
2002015;"Choroszcz - obszar wiejski (5)";12368;
2002023;"Czarna Białostocka (3)";10527;
2002024;"Czarna Białostocka - miasto (4)";8503;
2002025;"Czarna Białostocka - obszar wiejski (5)";2024;
2002032;"Dobrzyniewo Duże (2)";10544;
2002042;"Gródek (2)";4805;
2002052;"Juchnowiec Kościelny (2)";18725;
2002063;"Łapy (3)";20063;
2002064;"Łapy - miasto (4)";14253;
2002065;"Łapy - obszar wiejski (5)";5810;
2002073;"Michałowo (3)";5805;
2002074;"Michałowo - miasto (4)";2712;
2002075;"Michałowo - obszar wiejski (5)";3093;
2002082;"Poświętne (2)";3040;
2002093;"Supraśl (3)";18542;
2002094;"Supraśl - miasto (4)";4289;
2002095;"Supraśl - obszar wiejski (5)";14253;
2002103;"Suraż (3)";1891;
2002104;"Suraż - miasto (4)";952;
2002105;"Suraż - obszar wiejski (5)";939;
2002112;"Turośń Kościelna (2)";7168;
2002123;"Tykocin (3)";5611;
2002124;"Tykocin - miasto (4)";1838;
2002125;"Tykocin - obszar wiejski (5)";3773;
2002133;"Wasilków (3)";21299;
2002134;"Wasilków - miasto (4)";12831;
2002135;"Wasilków - obszar wiejski (5)";8468;
2002143;"Zabłudów (3)";10171;
2002144;"Zabłudów - miasto (4)";2495;
2002145;"Zabłudów - obszar wiejski (5)";7676;
2002152;"Zawady (2)";2426;
2003000;"Powiat bielski";49987;
2003011;"Bielsk Podlaski (1)";23558;
2003021;"Brańsk (1)";3469;
2003032;"Bielsk Podlaski (2)";6356;
2003042;"Boćki (2)";3737;
2003052;"Brańsk (2)";5039;
2003062;"Orla (2)";2378;
2003072;"Rudka (2)";1632;
2003082;"Wyszki (2)";3818;
2004000;"Powiat grajewski";43756;
2004011;"Grajewo (1)";20724;
2004022;"Grajewo (2)";5393;
2004032;"Radziłów (2)";4253;
2004043;"Rajgród (3)";4512;
2004044;"Rajgród - miasto (4)";1378;
2004045;"Rajgród - obszar wiejski (5)";3134;
2004053;"Szczuczyn (3)";5619;
2004054;"Szczuczyn - miasto (4)";3093;
2004055;"Szczuczyn - obszar wiejski (5)";2526;
2004062;"Wąsosz (2)";3255;
2005000;"Powiat hajnowski";38237;
2005011;"Hajnówka (1)";18709;
2005022;"Białowieża (2)";1984;
2005032;"Czeremcha (2)";2618;
2005042;"Czyże (2)";1720;
2005052;"Dubicze Cerkiewne (2)";1285;
2005062;"Hajnówka (2)";3605;
2005073;"Kleszczele (3)";2066;
2005074;"Kleszczele - miasto (4)";1026;
2005075;"Kleszczele - obszar wiejski (5)";1040;
2005082;"Narew (2)";3158;
2005092;"Narewka (2)";3092;
2006000;"Powiat kolneński";35440;
2006011;"Kolno (1)";9772;
2006022;"Grabowo (2)";3181;
2006032;"Kolno (2)";7875;
2006042;"Mały Płock (2)";4357;
2006053;"Stawiski (3)";5497;
2006054;"Stawiski - miasto (4)";1975;
2006055;"Stawiski - obszar wiejski (5)";3522;
2006062;"Turośl (2)";4758;
2007000;"Powiat łomżyński";49496;
2007013;"Jedwabne (3)";4808;
2007014;"Jedwabne - miasto (4)";1671;
2007015;"Jedwabne - obszar wiejski (5)";3137;
2007022;"Łomża (2)";12240;
2007032;"Miastkowo (2)";3957;
2007043;"Nowogród (3)";3841;
2007044;"Nowogród - miasto (4)";2066;
2007045;"Nowogród - obszar wiejski (5)";1775;
2007052;"Piątnica (2)";10237;
2007062;"Przytuły (2)";1908;
2007072;"Śniadowo (2)";4975;
2007082;"Wizna (2)";3585;
2007092;"Zbójna (2)";3945;
2008000;"Powiat moniecki";36975;
2008013;"Goniądz (3)";4548;
2008014;"Goniądz - miasto (4)";1697;
2008015;"Goniądz - obszar wiejski (5)";2851;
2008022;"Jasionówka (2)";2413;
2008032;"Jaświły (2)";4196;
2008043;"Knyszyn (3)";4435;
2008044;"Knyszyn - miasto (4)";2637;
2008045;"Knyszyn - obszar wiejski (5)";1798;
2008052;"Krypno (2)";3673;
2008063;"Mońki (3)";13822;
2008064;"Mońki - miasto (4)";9330;
2008065;"Mońki - obszar wiejski (5)";4492;
2008072;"Trzcianne (2)";3888;
2009000;"Powiat sejneński";18434;
2009011;"Sejny (1)";4818;
2009022;"Giby (2)";2408;
2009032;"Krasnopol (2)";3520;
2009042;"Puńsk (2)";3910;
2009052;"Sejny (2)";3778;
2010000;"Powiat siemiatycki";40212;
2010011;"Siemiatycze (1)";13297;
2010023;"Drohiczyn (3)";5607;
2010024;"Drohiczyn - miasto (4)";1735;
2010025;"Drohiczyn - obszar wiejski (5)";3872;
2010032;"Dziadkowice (2)";2467;
2010042;"Grodzisk (2)";3712;
2010052;"Mielnik (2)";1994;
2010062;"Milejczyce (2)";1581;
2010072;"Nurzec-Stacja (2)";3404;
2010082;"Perlejewo (2)";2475;
2010092;"Siemiatycze (2)";5675;
2011000;"Powiat sokólski";60592;
2011013;"Dąbrowa Białostocka (3)";9937;
2011014;"Dąbrowa Białostocka - miasto (4)";4956;
2011015;"Dąbrowa Białostocka - obszar wiejski (5)";4981;
2011022;"Janów (2)";3664;
2011032;"Korycin (2)";3053;
2011043;"Krynki (3)";2664;
2011044;"Krynki - miasto (4)";2105;
2011045;"Krynki - obszar wiejski (5)";559;
2011052;"Kuźnica (2)";3585;
2011062;"Nowy Dwór (2)";2143;
2011072;"Sidra (2)";3010;
2011083;"Sokółka (3)";23667;
2011084;"Sokółka - miasto (4)";16937;
2011085;"Sokółka - obszar wiejski (5)";6730;
2011093;"Suchowola (3)";6184;
2011094;"Suchowola - miasto (4)";2003;
2011095;"Suchowola - obszar wiejski (5)";4181;
2011102;"Szudziałowo (2)";2685;
2012000;"Powiat suwalski";34585;
2012012;"Bakałarzewo (2)";2996;
2012022;"Filipów (2)";4011;
2012032;"Jeleniewo (2)";3096;
2012042;"Przerośl (2)";2705;
2012052;"Raczki (2)";5614;
2012062;"Rutka-Tartak (2)";2176;
2012072;"Suwałki (2)";8198;
2012082;"Szypliszki (2)";3855;
2012092;"Wiżajny (2)";1934;
2013000;"Powiat wysokomazowiecki";52834;
2013011;"Wysokie Mazowieckie (1)";8993;
2013023;"Ciechanowiec (3)";7870;
2013024;"Ciechanowiec - miasto (4)";4334;
2013025;"Ciechanowiec - obszar wiejski (5)";3536;
2013033;"Czyżew (3)";5911;
2013034;"Czyżew - miasto (4)";2457;
2013035;"Czyżew - obszar wiejski (5)";3454;
2013042;"Klukowo (2)";3876;
2013052;"Kobylin-Borzymy (2)";2879;
2013062;"Kulesze Kościelne (2)";2895;
2013072;"Nowe Piekuty (2)";3550;
2013082;"Sokoły (2)";5124;
2013093;"Szepietowo (3)";6285;
2013094;"Szepietowo - miasto (4)";1963;
2013095;"Szepietowo - obszar wiejski (5)";4322;
2013102;"Wysokie Mazowieckie (2)";5451;
2014000;"Powiat zambrowski";41109;
2014011;"Zambrów (1)";20668;
2014022;"Kołaki Kościelne (2)";2137;
2014032;"Rutki (2)";5028;
2014042;"Szumowo (2)";4522;
2014052;"Zambrów (2)";8754;
2061000;"Powiat m. Białystok";290386;
2061011;"Białystok (1)";290386;
2062000;"Powiat m. Łomża";59263;
2062011;"Łomża (1)";59263;
2063000;"Powiat m. Suwałki";68143;
2063011;"Suwałki (1)";68143;
2200000;"POMORSKIE";2359493;
2201000;"Powiat bytowski";76266;
2201012;"Borzytuchom (2)";3602;
2201023;"Bytów (3)";24841;
2201024;"Bytów - miasto (4)";16178;
2201025;"Bytów - obszar wiejski (5)";8663;
2201032;"Czarna Dąbrówka (2)";5668;
2201042;"Kołczygłowy (2)";4073;
2201052;"Lipnica (2)";5187;
2201063;"Miastko (3)";17682;
2201064;"Miastko - miasto (4)";9235;
2201065;"Miastko - obszar wiejski (5)";8447;
2201072;"Parchowo (2)";3860;
2201082;"Studzienice (2)";3683;
2201092;"Trzebielino (2)";3505;
2201102;"Tuchomie (2)";4165;
2202000;"Powiat chojnicki";95536;
2202011;"Chojnice (1)";38360;
2202023;"Brusy (3)";14230;
2202024;"Brusy - miasto (4)";5049;
2202025;"Brusy - obszar wiejski (5)";9181;
2202032;"Chojnice (2)";19544;
2202043;"Czersk (3)";21165;
2202044;"Czersk - miasto (4)";9775;
2202045;"Czersk - obszar wiejski (5)";11390;
2202052;"Konarzyny (2)";2237;
2203000;"Powiat człuchowski";52747;
2203011;"Człuchów (1)";12896;
2203023;"Czarne (3)";8427;
2203024;"Czarne - miasto (4)";5520;
2203025;"Czarne - obszar wiejski (5)";2907;
2203032;"Człuchów (2)";10829;
2203043;"Debrzno (3)";8439;
2203044;"Debrzno - miasto (4)";4795;
2203045;"Debrzno - obszar wiejski (5)";3644;
2203052;"Koczała (2)";3089;
2203062;"Przechlewo (2)";5763;
2203072;"Rzeczenica (2)";3304;
2204000;"Powiat gdański";133490;
2204011;"Pruszcz Gdański (1)";32263;
2204022;"Cedry Wielkie (2)";6811;
2204032;"Kolbudy (2)";21768;
2204042;"Pruszcz Gdański (2)";38435;
2204052;"Przywidz (2)";6175;
2204062;"Pszczółki (2)";11325;
2204072;"Suchy Dąb (2)";4258;
2204082;"Trąbki Wielkie (2)";12455;
2205000;"Powiat kartuski";155382;
2205012;"Chmielno (2)";7750;
2205023;"Kartuzy (3)";34301;
2205024;"Kartuzy - miasto (4)";13614;
2205025;"Kartuzy - obszar wiejski (5)";20687;
2205032;"Przodkowo (2)";11652;
2205042;"Sierakowice (2)";21063;
2205052;"Somonino (2)";11335;
2205062;"Stężyca (2)";11499;
2205072;"Sulęczyno (2)";5729;
2205083;"Żukowo (3)";52053;
2205084;"Żukowo - miasto (4)";6724;
2205085;"Żukowo - obszar wiejski (5)";45329;
2206000;"Powiat kościerski";72113;
2206011;"Kościerzyna (1)";23264;
2206022;"Dziemiany (2)";4477;
2206032;"Karsin (2)";6086;
2206042;"Kościerzyna (2)";16012;
2206052;"Liniewo (2)";4461;
2206062;"Lipusz (2)";3742;
2206072;"Nowa Karczma (2)";7348;
2206082;"Stara Kiszewa (2)";6723;
2207000;"Powiat kwidzyński";79612;
2207011;"Kwidzyn (1)";36565;
2207022;"Gardeja (2)";8056;
2207032;"Kwidzyn (2)";11438;
2207043;"Prabuty (3)";12098;
2207044;"Prabuty - miasto (4)";7996;
2207045;"Prabuty - obszar wiejski (5)";4102;
2207052;"Ryjewo (2)";5524;
2207062;"Sadlinki (2)";5931;
2208000;"Powiat lęborski";63448;
2208011;"Lębork (1)";33791;
2208021;"Łeba (1)";3018;
2208032;"Cewice (2)";7475;
2208042;"Nowa Wieś Lęborska (2)";13667;
2208052;"Wicko (2)";5497;
2209000;"Powiat malborski";60351;
2209011;"Malbork (1)";36520;
2209032;"Lichnowy (2)";4215;
2209042;"Malbork (2)";5176;
2209062;"Miłoradz (2)";3202;
2209073;"Nowy Staw (3)";6944;
2209074;"Nowy Staw - miasto (4)";3921;
2209075;"Nowy Staw - obszar wiejski (5)";3023;
2209082;"Stare Pole (2)";4294;
2210000;"Powiat nowodworski";33392;
2210011;"Krynica Morska (1)";1157;
2210023;"Nowy Dwór Gdański (3)";16740;
2210024;"Nowy Dwór Gdański - miasto (4)";9392;
2210025;"Nowy Dwór Gdański - obszar wiejski (5)";7348;
2210032;"Ostaszewo (2)";2902;
2210042;"Stegna (2)";9203;
2210052;"Sztutowo (2)";3390;
2211000;"Powiat pucki";92383;
2211011;"Hel (1)";2715;
2211023;"Jastarnia (3)";3431;
2211024;"Jastarnia - miasto (4)";2571;
2211025;"Jastarnia - obszar wiejski (5)";860;
2211031;"Puck (1)";10345;
2211043;"Władysławowo (3)";14092;
2211044;"Władysławowo - miasto (4)";9119;
2211045;"Władysławowo - obszar wiejski (5)";4973;
2211052;"Kosakowo (2)";22305;
2211062;"Krokowa (2)";10556;
2211072;"Puck (2)";28939;
2212000;"Powiat słupski";95888;
2212011;"Ustka (1)";13461;
2212022;"Damnica (2)";5559;
2212032;"Dębnica Kaszubska (2)";8910;
2212042;"Główczyce (2)";8182;
2212053;"Kępice (3)";8026;
2212054;"Kępice - miasto (4)";3220;
2212055;"Kępice - obszar wiejski (5)";4806;
2212062;"Kobylnica (2)";14504;
2212072;"Potęgowo (2)";6409;
2212082;"Redzikowo (2)";19802;
2212092;"Smołdzino (2)";3050;
2212102;"Ustka (2)";7985;
2213000;"Powiat starogardzki";124774;
2213013;"Czarna Woda (3)";2999;
2213014;"Czarna Woda - miasto (4)";2640;
2213015;"Czarna Woda - obszar wiejski (5)";359;
2213021;"Skórcz (1)";3438;
2213031;"Starogard Gdański (1)";44982;
2213042;"Bobowo (2)";3174;
2213052;"Kaliska (2)";5268;
2213062;"Lubichowo (2)";6946;
2213072;"Osieczna (2)";2670;
2213082;"Osiek (2)";2254;
2213093;"Skarszewy (3)";14473;
2213094;"Skarszewy - miasto (4)";6558;
2213095;"Skarszewy - obszar wiejski (5)";7915;
2213102;"Skórcz (2)";4232;
2213112;"Smętowo Graniczne (2)";4773;
2213122;"Starogard Gdański (2)";17298;
2213132;"Zblewo (2)";12267;
2214000;"Powiat tczewski";110511;
2214011;"Tczew (1)";56410;
2214023;"Gniew (3)";14183;
2214024;"Gniew - miasto (4)";6054;
2214025;"Gniew - obszar wiejski (5)";8129;
2214032;"Morzeszczyn (2)";3250;
2214043;"Pelplin (3)";14925;
2214044;"Pelplin - miasto (4)";7079;
2214045;"Pelplin - obszar wiejski (5)";7846;
2214052;"Subkowy (2)";5341;
2214062;"Tczew (2)";16402;
2215000;"Powiat wejherowski";230818;
2215011;"Reda (1)";28888;
2215021;"Rumia (1)";53770;
2215031;"Wejherowo (1)";45520;
2215042;"Choczewo (2)";4864;
2215052;"Gniewino (2)";7447;
2215062;"Linia (2)";6436;
2215072;"Luzino (2)";18235;
2215082;"Łęczyce (2)";11844;
2215092;"Szemud (2)";22133;
2215102;"Wejherowo (2)";31681;
2216000;"Powiat sztumski";37836;
2216013;"Dzierzgoń (3)";8509;
2216014;"Dzierzgoń - miasto (4)";4810;
2216015;"Dzierzgoń - obszar wiejski (5)";3699;
2216022;"Mikołajki Pomorskie (2)";3329;
2216032;"Stary Dzierzgoń (2)";3425;
2216042;"Stary Targ (2)";5829;
2216053;"Sztum (3)";16744;
2216054;"Sztum - miasto (4)";8891;
2216055;"Sztum - obszar wiejski (5)";7853;
2261000;"Powiat m. Gdańsk";488651;
2261011;"Gdańsk (1)";488651;
2262000;"Powiat m. Gdynia";240084;
2262011;"Gdynia (1)";240084;
2263000;"Powiat m. Słupsk";84767;
2263011;"Słupsk (1)";84767;
2264000;"Powiat m. Sopot";31444;
2264011;"Sopot (1)";31444;
2400000;"ŚLĄSKIE";4291441;
2401000;"Powiat będziński";143640;
2401011;"Będzin (1)";53250;
2401021;"Czeladź (1)";29503;
2401031;"Wojkowice (1)";8382;
2401042;"Bobrowniki (2)";12554;
2401052;"Mierzęcice (2)";7995;
2401062;"Psary (2)";12389;
2401073;"Siewierz (3)";12786;
2401074;"Siewierz - miasto (4)";5772;
2401075;"Siewierz - obszar wiejski (5)";7014;
2401081;"Sławków (1)";6781;
2402000;"Powiat bielski";165708;
2402011;"Szczyrk (1)";5200;
2402022;"Bestwina (2)";12250;
2402032;"Buczkowice (2)";11137;
2402043;"Czechowice-Dziedzice (3)";44286;
2402044;"Czechowice-Dziedzice - miasto (4)";34622;
2402045;"Czechowice-Dziedzice - obszar wiejski (5)";9664;
2402052;"Jasienica (2)";25285;
2402062;"Jaworze (2)";7419;
2402072;"Kozy (2)";13229;
2402082;"Porąbka (2)";15381;
2402093;"Wilamowice (3)";18292;
2402094;"Wilamowice - miasto (4)";3162;
2402095;"Wilamowice - obszar wiejski (5)";15130;
2402102;"Wilkowice (2)";13229;
2403000;"Powiat cieszyński";173694;
2403011;"Cieszyn (1)";32526;
2403021;"Ustroń (1)";15843;
2403031;"Wisła (1)";10494;
2403042;"Brenna (2)";11687;
2403052;"Chybie (2)";9609;
2403062;"Dębowiec (2)";5788;
2403072;"Goleszów (2)";13062;
2403082;"Hażlach (2)";10737;
2403092;"Istebna (2)";12193;
2403103;"Skoczów (3)";26030;
2403104;"Skoczów - miasto (4)";13203;
2403105;"Skoczów - obszar wiejski (5)";12827;
2403113;"Strumień (3)";13151;
2403114;"Strumień - miasto (4)";3526;
2403115;"Strumień - obszar wiejski (5)";9625;
2403122;"Zebrzydowice (2)";12574;
2404000;"Powiat częstochowski";131042;
2404013;"Blachownia (3)";12336;
2404014;"Blachownia - miasto (4)";8962;
2404015;"Blachownia - obszar wiejski (5)";3374;
2404022;"Dąbrowa Zielona (2)";3606;
2404032;"Janów (2)";5809;
2404042;"Kamienica Polska (2)";5361;
2404052;"Kłomnice (2)";12744;
2404063;"Koniecpol (3)";8528;
2404064;"Koniecpol - miasto (4)";5272;
2404065;"Koniecpol - obszar wiejski (5)";3256;
2404072;"Konopiska (2)";10870;
2404082;"Kruszyna (2)";4649;
2404092;"Lelów (2)";4447;
2404102;"Mstów (2)";10815;
2404112;"Mykanów (2)";15444;
2404123;"Olsztyn (3)";8240;
2404124;"Olsztyn - miasto (4)";2476;
2404125;"Olsztyn - obszar wiejski (5)";5764;
2404132;"Poczesna (2)";12340;
2404143;"Przyrów (3)";3500;
2404144;"Przyrów - miasto (4)";1083;
2404145;"Przyrów - obszar wiejski (5)";2417;
2404152;"Rędziny (2)";9430;
2404162;"Starcza (2)";2923;
2405000;"Powiat gliwicki";112952;
2405011;"Knurów (1)";35298;
2405021;"Pyskowice (1)";17224;
2405032;"Gierałtowice (2)";12726;
2405042;"Pilchowice (2)";12832;
2405052;"Rudziniec (2)";10802;
2405063;"Sośnicowice (3)";9098;
2405064;"Sośnicowice - miasto (4)";1965;
2405065;"Sośnicowice - obszar wiejski (5)";7133;
2405073;"Toszek (3)";9219;
2405074;"Toszek - miasto (4)";3469;
2405075;"Toszek - obszar wiejski (5)";5750;
2405082;"Wielowieś (2)";5753;
2406000;"Powiat kłobucki";81495;
2406013;"Kłobuck (3)";19513;
2406014;"Kłobuck - miasto (4)";12135;
2406015;"Kłobuck - obszar wiejski (5)";7378;
2406023;"Krzepice (3)";8461;
2406024;"Krzepice - miasto (4)";4083;
2406025;"Krzepice - obszar wiejski (5)";4378;
2406032;"Lipie (2)";5902;
2406042;"Miedźno (2)";7401;
2406052;"Opatów (2)";6588;
2406062;"Panki (2)";4778;
2406072;"Popów (2)";5644;
2406082;"Przystajń (2)";5685;
2406092;"Wręczyca Wielka (2)";17523;
2407000;"Powiat lubliniecki";74419;
2407011;"Lubliniec (1)";23171;
2407022;"Boronów (2)";3342;
2407032;"Ciasna (2)";7143;
2407042;"Herby (2)";6338;
2407052;"Kochanowice (2)";6942;
2407062;"Koszęcin (2)";11776;
2407072;"Pawonków (2)";6436;
2407083;"Woźniki (3)";9271;
2407084;"Woźniki - miasto (4)";4081;
2407085;"Woźniki - obszar wiejski (5)";5190;
2408000;"Powiat mikołowski";100019;
2408011;"Łaziska Górne (1)";20981;
2408021;"Mikołów (1)";41532;
2408031;"Orzesze (1)";22160;
2408042;"Ornontowice (2)";6186;
2408052;"Wyry (2)";9160;
2409000;"Powiat myszkowski";67049;
2409011;"Myszków (1)";29006;
2409023;"Koziegłowy (3)";14063;
2409024;"Koziegłowy - miasto (4)";2369;
2409025;"Koziegłowy - obszar wiejski (5)";11694;
2409032;"Niegowa (2)";5343;
2409042;"Poraj (2)";10509;
2409053;"Żarki (3)";8128;
2409054;"Żarki - miasto (4)";4306;
2409055;"Żarki - obszar wiejski (5)";3822;
2410000;"Powiat pszczyński";110722;
2410012;"Goczałkowice-Zdrój (2)";6662;
2410022;"Kobiór (2)";5095;
2410032;"Miedźna (2)";16057;
2410042;"Pawłowice (2)";17514;
2410053;"Pszczyna (3)";52566;
2410054;"Pszczyna - miasto (4)";24729;
2410055;"Pszczyna - obszar wiejski (5)";27837;
2410062;"Suszec (2)";12828;
2411000;"Powiat raciborski";98665;
2411011;"Racibórz (1)";49150;
2411022;"Kornowac (2)";5193;
2411033;"Krzanowice (3)";5218;
2411034;"Krzanowice - miasto (4)";1958;
2411035;"Krzanowice - obszar wiejski (5)";3260;
2411042;"Krzyżanowice (2)";10643;
2411053;"Kuźnia Raciborska (3)";10518;
2411054;"Kuźnia Raciborska - miasto (4)";4572;
2411055;"Kuźnia Raciborska - obszar wiejski (5)";5946;
2411062;"Nędza (2)";6651;
2411072;"Pietrowice Wielkie (2)";6505;
2411082;"Rudnik (2)";4787;
2412000;"Powiat rybnicki";76250;
2412013;"Czerwionka-Leszczyny (3)";39787;
2412014;"Czerwionka-Leszczyny - miasto (4)";26245;
2412015;"Czerwionka-Leszczyny - obszar wiejski (5)";13542;
2412022;"Gaszowice (2)";9882;
2412032;"Jejkowice (2)";4193;
2412042;"Lyski (2)";9764;
2412052;"Świerklany (2)";12624;
2413000;"Powiat tarnogórski";138856;
2413011;"Kalety (1)";8094;
2413021;"Miasteczko Śląskie (1)";6901;
2413031;"Radzionków (1)";15989;
2413041;"Tarnowskie Góry (1)";61210;
2413052;"Krupski Młyn (2)";2969;
2413062;"Ożarowice (2)";5926;
2413072;"Świerklaniec (2)";13193;
2413082;"Tworóg (2)";8165;
2413092;"Zbrosławice (2)";16409;
2414000;"Powiat bieruńsko-lędziński";59400;
2414011;"Bieruń (1)";18738;
2414021;"Imielin (1)";9430;
2414031;"Lędziny (1)";16269;
2414042;"Bojszowy (2)";8646;
2414052;"Chełm Śląski (2)";6317;
2415000;"Powiat wodzisławski";149463;
2415011;"Pszów (1)";12892;
2415021;"Radlin (1)";16730;
2415031;"Rydułtowy (1)";20017;
2415041;"Wodzisław Śląski (1)";44460;
2415052;"Godów (2)";13689;
2415062;"Gorzyce (2)";21133;
2415072;"Lubomia (2)";7587;
2415082;"Marklowice (2)";5304;
2415092;"Mszana (2)";7651;
2416000;"Powiat zawierciański";110383;
2416011;"Poręba (1)";8012;
2416021;"Zawiercie (1)";45564;
2416032;"Irządze (2)";2483;
2416042;"Kroczyce (2)";6003;
2416053;"Łazy (3)";15521;
2416054;"Łazy - miasto (4)";6290;
2416055;"Łazy - obszar wiejski (5)";9231;
2416063;"Ogrodzieniec (3)";8625;
2416064;"Ogrodzieniec - miasto (4)";3911;
2416065;"Ogrodzieniec - obszar wiejski (5)";4714;
2416073;"Pilica (3)";7936;
2416074;"Pilica - miasto (4)";1738;
2416075;"Pilica - obszar wiejski (5)";6198;
2416083;"Szczekociny (3)";6747;
2416084;"Szczekociny - miasto (4)";3292;
2416085;"Szczekociny - obszar wiejski (5)";3455;
2416093;"Włodowice (3)";5108;
2416094;"Włodowice - miasto (4)";1155;
2416095;"Włodowice - obszar wiejski (5)";3953;
2416102;"Żarnowiec (2)";4384;
2417000;"Powiat żywiecki";148090;
2417011;"Żywiec (1)";29419;
2417022;"Czernichów (2)";6279;
2417032;"Gilowice (2)";6288;
2417042;"Jeleśnia (2)";12509;
2417052;"Koszarawa (2)";2206;
2417062;"Lipowa (2)";10959;
2417072;"Łękawica (2)";4530;
2417082;"Łodygowice (2)";15424;
2417092;"Milówka (2)";9667;
2417102;"Radziechowy-Wieprz (2)";12878;
2417112;"Rajcza (2)";8230;
2417122;"Ślemień (2)";3494;
2417132;"Świnna (2)";7819;
2417142;"Ujsoły (2)";4113;
2417152;"Węgierska Górka (2)";14275;
2461000;"Powiat m. Bielsko-Biała";164318;
2461011;"Bielsko-Biała (1)";164318;
2462000;"Powiat m. Bytom";146290;
2462011;"Bytom (1)";146290;
2463000;"Powiat m. Chorzów";99420;
2463011;"Chorzów (1)";99420;
2464000;"Powiat m. Częstochowa";203615;
2464011;"Częstochowa (1)";203615;
2465000;"Powiat m. Dąbrowa Górnicza";112408;
2465011;"Dąbrowa Górnicza (1)";112408;
2466000;"Powiat m. Gliwice";168248;
2466011;"Gliwice (1)";168248;
2467000;"Powiat m. Jastrzębie-Zdrój";81338;
2467011;"Jastrzębie-Zdrój (1)";81338;
2468000;"Powiat m. Jaworzno";86075;
2468011;"Jaworzno (1)";86075;
2469000;"Powiat m. Katowice";278885;
2469011;"Katowice (1)";278885;
2470000;"Powiat m. Mysłowice";70741;
2470011;"Mysłowice (1)";70741;
2471000;"Powiat m. Piekary Śląskie";51373;
2471011;"Piekary Śląskie (1)";51373;
2472000;"Powiat m. Ruda Śląska";128793;
2472011;"Ruda Śląska (1)";128793;
2473000;"Powiat m. Rybnik";129817;
2473011;"Rybnik (1)";129817;
2474000;"Powiat m. Siemianowice Śląskie";62817;
2474011;"Siemianowice Śląskie (1)";62817;
2475000;"Powiat m. Sosnowiec";184988;
2475011;"Sosnowiec (1)";184988;
2476000;"Powiat m. Świętochłowice";45021;
2476011;"Świętochłowice (1)";45021;
2477000;"Powiat m. Tychy";121063;
2477011;"Tychy (1)";121063;
2478000;"Powiat m. Zabrze";152461;
2478011;"Zabrze (1)";152461;
2479000;"Powiat m. Żory";61923;
2479011;"Żory (1)";61923;
2600000;"ŚWIĘTOKRZYSKIE";1157991;
2601000;"Powiat buski";67157;
2601013;"Busko-Zdrój (3)";30321;
2601014;"Busko-Zdrój - miasto (4)";14079;
2601015;"Busko-Zdrój - obszar wiejski (5)";16242;
2601022;"Gnojno (2)";4194;
2601033;"Nowy Korczyn (3)";5374;
2601034;"Nowy Korczyn - miasto (4)";882;
2601035;"Nowy Korczyn - obszar wiejski (5)";4492;
2601043;"Pacanów (3)";6795;
2601044;"Pacanów - miasto (4)";1024;
2601045;"Pacanów - obszar wiejski (5)";5771;
2601052;"Solec-Zdrój (2)";4840;
2601063;"Stopnica (3)";6995;
2601064;"Stopnica - miasto (4)";1101;
2601065;"Stopnica - obszar wiejski (5)";5894;
2601072;"Tuczępy (2)";3568;
2601083;"Wiślica (3)";5070;
2601084;"Wiślica - miasto (4)";442;
2601085;"Wiślica - obszar wiejski (5)";4628;
2602000;"Powiat jędrzejowski";80365;
2602012;"Imielno (2)";4112;
2602023;"Jędrzejów (3)";26246;
2602024;"Jędrzejów - miasto (4)";13849;
2602025;"Jędrzejów - obszar wiejski (5)";12397;
2602033;"Małogoszcz (3)";10954;
2602034;"Małogoszcz - miasto (4)";3297;
2602035;"Małogoszcz - obszar wiejski (5)";7657;
2602042;"Nagłowice (2)";4624;
2602052;"Oksa (2)";4351;
2602063;"Sędziszów (3)";11649;
2602064;"Sędziszów - miasto (4)";6065;
2602065;"Sędziszów - obszar wiejski (5)";5584;
2602072;"Słupia (2)";3852;
2602082;"Sobków (2)";8301;
2602093;"Wodzisław (3)";6276;
2602094;"Wodzisław - miasto (4)";923;
2602095;"Wodzisław - obszar wiejski (5)";5353;
2603000;"Powiat kazimierski";31373;
2603012;"Bejsce (2)";3823;
2603022;"Czarnocin (2)";3552;
2603033;"Kazimierza Wielka (3)";15067;
2603034;"Kazimierza Wielka - miasto (4)";4951;
2603035;"Kazimierza Wielka - obszar wiejski (5)";10116;
2603043;"Opatowiec (3)";2896;
2603044;"Opatowiec - miasto (4)";305;
2603045;"Opatowiec - obszar wiejski (5)";2591;
2603053;"Skalbmierz (3)";6035;
2603054;"Skalbmierz - miasto (4)";1177;
2603055;"Skalbmierz - obszar wiejski (5)";4858;
2604000;"Powiat kielecki";211645;
2604012;"Bieliny (2)";9927;
2604023;"Bodzentyn (3)";10869;
2604024;"Bodzentyn - miasto (4)";2076;
2604025;"Bodzentyn - obszar wiejski (5)";8793;
2604033;"Chęciny (3)";14735;
2604034;"Chęciny - miasto (4)";4303;
2604035;"Chęciny - obszar wiejski (5)";10432;
2604043;"Chmielnik (3)";10643;
2604044;"Chmielnik - miasto (4)";3364;
2604045;"Chmielnik - obszar wiejski (5)";7279;
2604053;"Daleszyce (3)";16302;
2604054;"Daleszyce - miasto (4)";2738;
2604055;"Daleszyce - obszar wiejski (5)";13564;
2604062;"Górno (2)";15234;
2604073;"Łagów (3)";6511;
2604074;"Łagów - miasto (4)";1519;
2604075;"Łagów - obszar wiejski (5)";4992;
2604083;"Łopuszno (3)";8693;
2604084;"Łopuszno - miasto (4)";1419;
2604085;"Łopuszno - obszar wiejski (5)";7274;
2604092;"Masłów (2)";12010;
2604102;"Miedziana Góra (2)";12628;
2604112;"Mniów (2)";9036;
2604123;"Morawica (3)";18136;
2604124;"Morawica - miasto (4)";1737;
2604125;"Morawica - obszar wiejski (5)";16399;
2604133;"Nowa Słupia (3)";8725;
2604134;"Nowa Słupia - miasto (4)";1287;
2604135;"Nowa Słupia - obszar wiejski (5)";7438;
2604143;"Piekoszów (3)";16883;
2604144;"Piekoszów - miasto (4)";2978;
2604145;"Piekoszów - obszar wiejski (5)";13905;
2604153;"Pierzchnica (3)";4631;
2604154;"Pierzchnica - miasto (4)";1213;
2604155;"Pierzchnica - obszar wiejski (5)";3418;
2604162;"Raków (2)";5212;
2604172;"Nowiny (2)";8132;
2604182;"Strawczyn (2)";11275;
2604192;"Zagnańsk (2)";12063;
2605000;"Powiat konecki";72810;
2605012;"Fałków (2)";3886;
2605023;"Gowarczów (3)";4349;
2605024;"Gowarczów - miasto (4)";1304;
2605025;"Gowarczów - obszar wiejski (5)";3045;
2605033;"Końskie (3)";32117;
2605034;"Końskie - miasto (4)";17145;
2605035;"Końskie - obszar wiejski (5)";14972;
2605043;"Radoszyce (3)";8029;
2605044;"Radoszyce - miasto (4)";2769;
2605045;"Radoszyce - obszar wiejski (5)";5260;
2605052;"Ruda Maleniecka (2)";2825;
2605062;"Słupia Konecka (2)";2924;
2605072;"Smyków (2)";3665;
2605083;"Stąporków (3)";15015;
2605084;"Stąporków - miasto (4)";5014;
2605085;"Stąporków - obszar wiejski (5)";10001;
2606000;"Powiat opatowski";47876;
2606012;"Baćkowice (2)";4496;
2606023;"Iwaniska (3)";6041;
2606024;"Iwaniska - miasto (4)";1197;
2606025;"Iwaniska - obszar wiejski (5)";4844;
2606032;"Lipnik (2)";4763;
2606043;"Opatów (3)";10579;
2606044;"Opatów - miasto (4)";5835;
2606045;"Opatów - obszar wiejski (5)";4744;
2606053;"Ożarów (3)";9964;
2606054;"Ożarów - miasto (4)";4137;
2606055;"Ożarów - obszar wiejski (5)";5827;
2606062;"Sadowie (2)";3745;
2606072;"Tarłów (2)";4554;
2606082;"Wojciechowice (2)";3734;
2607000;"Powiat ostrowiecki";98766;
2607011;"Ostrowiec Świętokrzyski (1)";61188;
2607022;"Bałtów (2)";3074;
2607032;"Bodzechów (2)";12538;
2607043;"Ćmielów (3)";6652;
2607044;"Ćmielów - miasto (4)";2762;
2607045;"Ćmielów - obszar wiejski (5)";3890;
2607053;"Kunów (3)";9064;
2607054;"Kunów - miasto (4)";2686;
2607055;"Kunów - obszar wiejski (5)";6378;
2607062;"Waśniów (2)";6250;
2608000;"Powiat pińczowski";36283;
2608013;"Działoszyce (3)";4510;
2608014;"Działoszyce - miasto (4)";820;
2608015;"Działoszyce - obszar wiejski (5)";3690;
2608022;"Kije (2)";4290;
2608032;"Michałów (2)";4329;
2608043;"Pińczów (3)";18972;
2608044;"Pińczów - miasto (4)";9542;
2608045;"Pińczów - obszar wiejski (5)";9430;
2608052;"Złota (2)";4182;
2609000;"Powiat sandomierski";70999;
2609011;"Sandomierz (1)";20984;
2609022;"Dwikozy (2)";8070;
2609033;"Klimontów (3)";7361;
2609034;"Klimontów - miasto (4)";1726;
2609035;"Klimontów - obszar wiejski (5)";5635;
2609043;"Koprzywnica (3)";6162;
2609044;"Koprzywnica - miasto (4)";2350;
2609045;"Koprzywnica - obszar wiejski (5)";3812;
2609052;"Łoniów (2)";7067;
2609062;"Obrazów (2)";6014;
2609072;"Samborzec (2)";7986;
2609082;"Wilczyce (2)";3394;
2609093;"Zawichost (3)";3961;
2609094;"Zawichost - miasto (4)";1582;
2609095;"Zawichost - obszar wiejski (5)";2379;
2610000;"Powiat skarżyski";67152;
2610011;"Skarżysko-Kamienna (1)";40650;
2610022;"Bliżyn (2)";7374;
2610032;"Łączna (2)";4705;
2610042;"Skarżysko Kościelne (2)";5410;
2610053;"Suchedniów (3)";9013;
2610054;"Suchedniów - miasto (4)";7346;
2610055;"Suchedniów - obszar wiejski (5)";1667;
2611000;"Powiat starachowicki";82681;
2611011;"Starachowice (1)";43773;
2611022;"Brody (2)";10013;
2611032;"Mirzec (2)";7908;
2611042;"Pawłów (2)";14769;
2611053;"Wąchock (3)";6218;
2611054;"Wąchock - miasto (4)";2413;
2611055;"Wąchock - obszar wiejski (5)";3805;
2612000;"Powiat staszowski";67817;
2612013;"Bogoria (3)";7364;
2612014;"Bogoria - miasto (4)";1091;
2612015;"Bogoria - obszar wiejski (5)";6273;
2612022;"Łubnice (2)";3891;
2612033;"Oleśnica (3)";3731;
2612034;"Oleśnica - miasto (4)";1706;
2612035;"Oleśnica - obszar wiejski (5)";2025;
2612043;"Osiek (3)";7300;
2612044;"Osiek - miasto (4)";1955;
2612045;"Osiek - obszar wiejski (5)";5345;
2612053;"Połaniec (3)";10883;
2612054;"Połaniec - miasto (4)";7343;
2612055;"Połaniec - obszar wiejski (5)";3540;
2612062;"Rytwiany (2)";6219;
2612073;"Staszów (3)";24105;
2612074;"Staszów - miasto (4)";13362;
2612075;"Staszów - obszar wiejski (5)";10743;
2612083;"Szydłów (3)";4324;
2612084;"Szydłów - miasto (4)";951;
2612085;"Szydłów - obszar wiejski (5)";3373;
2613000;"Powiat włoszczowski";42530;
2613012;"Kluczewsko (2)";4871;
2613022;"Krasocin (2)";10010;
2613032;"Moskorzew (2)";2504;
2613042;"Radków (2)";2255;
2613052;"Secemin (2)";4497;
2613063;"Włoszczowa (3)";18393;
2613064;"Włoszczowa - miasto (4)";9414;
2613065;"Włoszczowa - obszar wiejski (5)";8979;
2661000;"Powiat m. Kielce";180537;
2661011;"Kielce (1)";180537;
2800000;"WARMIŃSKO-MAZURSKIE";1349172;
2801000;"Powiat bartoszycki";52001;
2801011;"Bartoszyce (1)";21055;
2801021;"Górowo Iławeckie (1)";3578;
2801032;"Bartoszyce (2)";10126;
2801043;"Bisztynek (3)";5578;
2801044;"Bisztynek - miasto (4)";2114;
2801045;"Bisztynek - obszar wiejski (5)";3464;
2801052;"Górowo Iławeckie (2)";6057;
2801063;"Sępopol (3)";5607;
2801064;"Sępopol - miasto (4)";1860;
2801065;"Sępopol - obszar wiejski (5)";3747;
2802000;"Powiat braniewski";36812;
2802011;"Braniewo (1)";15827;
2802022;"Braniewo (2)";5364;
2802033;"Frombork (3)";3005;
2802034;"Frombork - miasto (4)";1976;
2802035;"Frombork - obszar wiejski (5)";1029;
2802042;"Lelkowo (2)";2348;
2802053;"Pieniężno (3)";5428;
2802054;"Pieniężno - miasto (4)";2368;
2802055;"Pieniężno - obszar wiejski (5)";3060;
2802062;"Płoskinia (2)";2324;
2802072;"Wilczęta (2)";2516;
2803000;"Powiat działdowski";61003;
2803011;"Działdowo (1)";19949;
2803022;"Działdowo (2)";9601;
2803032;"Iłowo-Osada (2)";6654;
2803043;"Lidzbark (3)";13066;
2803044;"Lidzbark - miasto (4)";7122;
2803045;"Lidzbark - obszar wiejski (5)";5944;
2803052;"Płośnica (2)";5051;
2803062;"Rybno (2)";6682;
2804000;"Powiat elbląski";53765;
2804012;"Elbląg (2)";7648;
2804022;"Godkowo (2)";2703;
2804032;"Gronowo Elbląskie (2)";4727;
2804042;"Markusy (2)";3842;
2804052;"Milejewo (2)";3251;
2804063;"Młynary (3)";4093;
2804064;"Młynary - miasto (4)";1637;
2804065;"Młynary - obszar wiejski (5)";2456;
2804073;"Pasłęk (3)";18119;
2804074;"Pasłęk - miasto (4)";11630;
2804075;"Pasłęk - obszar wiejski (5)";6489;
2804082;"Rychliki (2)";3446;
2804093;"Tolkmicko (3)";5936;
2804094;"Tolkmicko - miasto (4)";2379;
2804095;"Tolkmicko - obszar wiejski (5)";3557;
2805000;"Powiat ełcki";87992;
2805011;"Ełk (1)";59250;
2805022;"Ełk (2)";12708;
2805032;"Kalinowo (2)";6107;
2805042;"Prostki (2)";6632;
2805052;"Stare Juchy (2)";3295;
2806000;"Powiat giżycki";53165;
2806011;"Giżycko (1)";26832;
2806042;"Giżycko (2)";9020;
2806052;"Kruklanki (2)";2889;
2806062;"Miłki (2)";3392;
2806083;"Ryn (3)";5282;
2806084;"Ryn - miasto (4)";2643;
2806085;"Ryn - obszar wiejski (5)";2639;
2806102;"Wydminy (2)";5750;
2807000;"Powiat iławski";89540;
2807011;"Iława (1)";32013;
2807021;"Lubawa (1)";10670;
2807032;"Iława (2)";13278;
2807043;"Kisielice (3)";5469;
2807044;"Kisielice - miasto (4)";1983;
2807045;"Kisielice - obszar wiejski (5)";3486;
2807052;"Lubawa (2)";10361;
2807063;"Susz (3)";11682;
2807064;"Susz - miasto (4)";5222;
2807065;"Susz - obszar wiejski (5)";6460;
2807073;"Zalewo (3)";6067;
2807074;"Zalewo - miasto (4)";1986;
2807075;"Zalewo - obszar wiejski (5)";4081;
2808000;"Powiat kętrzyński";56262;
2808011;"Kętrzyn (1)";24795;
2808022;"Barciany (2)";5505;
2808032;"Kętrzyn (2)";7548;
2808043;"Korsze (3)";8544;
2808044;"Korsze - miasto (4)";3871;
2808045;"Korsze - obszar wiejski (5)";4673;
2808053;"Reszel (3)";6526;
2808054;"Reszel - miasto (4)";3962;
2808055;"Reszel - obszar wiejski (5)";2564;
2808062;"Srokowo (2)";3344;
2809000;"Powiat lidzbarski";37756;
2809011;"Lidzbark Warmiński (1)";14266;
2809022;"Kiwity (2)";3009;
2809032;"Lidzbark Warmiński (2)";6438;
2809042;"Lubomino (2)";3278;
2809053;"Orneta (3)";10765;
2809054;"Orneta - miasto (4)";7867;
2809055;"Orneta - obszar wiejski (5)";2898;
2810000;"Powiat mrągowski";47074;
2810011;"Mrągowo (1)";20304;
2810023;"Mikołajki (3)";7257;
2810024;"Mikołajki - miasto (4)";3298;
2810025;"Mikołajki - obszar wiejski (5)";3959;
2810032;"Mrągowo (2)";8062;
2810042;"Piecki (2)";7082;
2810052;"Sorkwity (2)";4369;
2811000;"Powiat nidzicki";30207;
2811012;"Janowiec Kościelny (2)";2892;
2811022;"Janowo (2)";2478;
2811032;"Kozłowo (2)";5253;
2811043;"Nidzica (3)";19584;
2811044;"Nidzica - miasto (4)";12449;
2811045;"Nidzica - obszar wiejski (5)";7135;
2812000;"Powiat nowomiejski";41726;
2812011;"Nowe Miasto Lubawskie (1)";10004;
2812022;"Biskupiec (2)";8528;
2812032;"Grodziczno (2)";5786;
2812042;"Kurzętnik (2)";8965;
2812052;"Bratian (2)";8443;
2813000;"Powiat olecki";31717;
2813032;"Kowale Oleckie (2)";4465;
2813043;"Olecko (3)";20834;
2813044;"Olecko - miasto (4)";15580;
2813045;"Olecko - obszar wiejski (5)";5254;
2813052;"Świętajno (2)";3277;
2813062;"Wieliczki (2)";3141;
2814000;"Powiat olsztyński";130560;
2814013;"Barczewo (3)";18329;
2814014;"Barczewo - miasto (4)";7292;
2814015;"Barczewo - obszar wiejski (5)";11037;
2814023;"Biskupiec (3)";17629;
2814024;"Biskupiec - miasto (4)";9865;
2814025;"Biskupiec - obszar wiejski (5)";7764;
2814033;"Dobre Miasto (3)";14955;
2814034;"Dobre Miasto - miasto (4)";9199;
2814035;"Dobre Miasto - obszar wiejski (5)";5756;
2814042;"Dywity (2)";13952;
2814052;"Gietrzwałd (2)";7020;
2814063;"Jeziorany (3)";6862;
2814064;"Jeziorany - miasto (4)";2894;
2814065;"Jeziorany - obszar wiejski (5)";3968;
2814072;"Jonkowo (2)";7920;
2814082;"Kolno (2)";2700;
2814093;"Olsztynek (3)";13083;
2814094;"Olsztynek - miasto (4)";7177;
2814095;"Olsztynek - obszar wiejski (5)";5906;
2814102;"Purda (2)";9026;
2814112;"Stawiguda (2)";15405;
2814122;"Świątki (2)";3679;
2815000;"Powiat ostródzki";98242;
2815011;"Ostróda (1)";31028;
2815022;"Dąbrówno (2)";3828;
2815032;"Grunwald (2)";4990;
2815042;"Łukta (2)";4333;
2815052;"Małdyty (2)";5696;
2815063;"Miłakowo (3)";4885;
2815064;"Miłakowo - miasto (4)";2388;
2815065;"Miłakowo - obszar wiejski (5)";2497;
2815073;"Miłomłyn (3)";4744;
2815074;"Miłomłyn - miasto (4)";2428;
2815075;"Miłomłyn - obszar wiejski (5)";2316;
2815083;"Morąg (3)";22785;
2815084;"Morąg - miasto (4)";12534;
2815085;"Morąg - obszar wiejski (5)";10251;
2815092;"Ostróda (2)";15953;
2816000;"Powiat piski";51550;
2816013;"Biała Piska (3)";10306;
2816014;"Biała Piska - miasto (4)";3653;
2816015;"Biała Piska - obszar wiejski (5)";6653;
2816023;"Orzysz (3)";8298;
2816024;"Orzysz - miasto (4)";5200;
2816025;"Orzysz - obszar wiejski (5)";3098;
2816033;"Pisz (3)";25747;
2816034;"Pisz - miasto (4)";17400;
2816035;"Pisz - obszar wiejski (5)";8347;
2816043;"Ruciane-Nida (3)";7199;
2816044;"Ruciane-Nida - miasto (4)";4001;
2816045;"Ruciane-Nida - obszar wiejski (5)";3198;
2817000;"Powiat szczycieński";66133;
2817011;"Szczytno (1)";21585;
2817022;"Dźwierzuty (2)";5773;
2817032;"Jedwabno (2)";3429;
2817043;"Pasym (3)";5025;
2817044;"Pasym - miasto (4)";2383;
2817045;"Pasym - obszar wiejski (5)";2642;
2817052;"Rozogi (2)";5159;
2817062;"Szczytno (2)";13691;
2817072;"Świętajno (2)";5274;
2817083;"Wielbark (3)";6197;
2817084;"Wielbark - miasto (4)";2958;
2817085;"Wielbark - obszar wiejski (5)";3239;
2818000;"Powiat gołdapski";24612;
2818012;"Banie Mazurskie (2)";3141;
2818022;"Dubeninki (2)";2562;
2818033;"Gołdap (3)";18909;
2818034;"Gołdap - miasto (4)";13057;
2818035;"Gołdap - obszar wiejski (5)";5852;
2819000;"Powiat węgorzewski";20611;
2819012;"Budry (2)";2498;
2819022;"Pozezdrze (2)";2953;
2819033;"Węgorzewo (3)";15160;
2819034;"Węgorzewo - miasto (4)";10490;
2819035;"Węgorzewo - obszar wiejski (5)";4670;
2861000;"Powiat m. Elbląg";112052;
2861011;"Elbląg (1)";112052;
2862000;"Powiat m. Olsztyn";166392;
2862011;"Olsztyn (1)";166392;
3000000;"WIELKOPOLSKIE";3479986;
3001000;"Powiat chodzieski";44876;
3001011;"Chodzież (1)";17043;
3001023;"Budzyń (3)";8300;
3001024;"Budzyń - miasto (4)";4666;
3001025;"Budzyń - obszar wiejski (5)";3634;
3001032;"Chodzież (2)";6173;
3001043;"Margonin (3)";6236;
3001044;"Margonin - miasto (4)";2940;
3001045;"Margonin - obszar wiejski (5)";3296;
3001053;"Szamocin (3)";7124;
3001054;"Szamocin - miasto (4)";3887;
3001055;"Szamocin - obszar wiejski (5)";3237;
3002000;"Powiat czarnkowsko-trzcianecki";82852;
3002011;"Czarnków (1)";9771;
3002022;"Czarnków (2)";11138;
3002032;"Drawsko (2)";5540;
3002043;"Krzyż Wielkopolski (3)";8132;
3002044;"Krzyż Wielkopolski - miasto (4)";5823;
3002045;"Krzyż Wielkopolski - obszar wiejski (5)";2309;
3002052;"Lubasz (2)";7519;
3002062;"Połajewo (2)";5938;
3002073;"Trzcianka (3)";23291;
3002074;"Trzcianka - miasto (4)";16317;
3002075;"Trzcianka - obszar wiejski (5)";6974;
3002083;"Wieleń (3)";11523;
3002084;"Wieleń - miasto (4)";5554;
3002085;"Wieleń - obszar wiejski (5)";5969;
3003000;"Powiat gnieźnieński";140653;
3003011;"Gniezno (1)";62820;
3003023;"Czerniejewo (3)";7239;
3003024;"Czerniejewo - miasto (4)";2555;
3003025;"Czerniejewo - obszar wiejski (5)";4684;
3003032;"Gniezno (2)";14913;
3003042;"Kiszkowo (2)";5100;
3003053;"Kłecko (3)";7074;
3003054;"Kłecko - miasto (4)";2495;
3003055;"Kłecko - obszar wiejski (5)";4579;
3003062;"Łubowo (2)";7412;
3003072;"Mieleszyn (2)";3607;
3003082;"Niechanowo (2)";5900;
3003093;"Trzemeszno (3)";13633;
3003094;"Trzemeszno - miasto (4)";7195;
3003095;"Trzemeszno - obszar wiejski (5)";6438;
3003103;"Witkowo (3)";12955;
3003104;"Witkowo - miasto (4)";7347;
3003105;"Witkowo - obszar wiejski (5)";5608;
3004000;"Powiat gostyński";72977;
3004013;"Borek Wielkopolski (3)";6971;
3004014;"Borek Wielkopolski - miasto (4)";2417;
3004015;"Borek Wielkopolski - obszar wiejski (5)";4554;
3004023;"Gostyń (3)";27607;
3004024;"Gostyń - miasto (4)";19650;
3004025;"Gostyń - obszar wiejski (5)";7957;
3004033;"Krobia (3)";12523;
3004034;"Krobia - miasto (4)";4528;
3004035;"Krobia - obszar wiejski (5)";7995;
3004042;"Pępowo (2)";5666;
3004052;"Piaski (2)";8135;
3004063;"Pogorzela (3)";4657;
3004064;"Pogorzela - miasto (4)";2037;
3004065;"Pogorzela - obszar wiejski (5)";2620;
3004073;"Poniec (3)";7418;
3004074;"Poniec - miasto (4)";2905;
3004075;"Poniec - obszar wiejski (5)";4513;
3005000;"Powiat grodziski";51541;
3005012;"Granowo (2)";5043;
3005023;"Grodzisk Wielkopolski (3)";20382;
3005024;"Grodzisk Wielkopolski - miasto (4)";15115;
3005025;"Grodzisk Wielkopolski - obszar wiejski (5)";5267;
3005032;"Kamieniec (2)";6192;
3005043;"Rakoniewice (3)";13254;
3005044;"Rakoniewice - miasto (4)";3618;
3005045;"Rakoniewice - obszar wiejski (5)";9636;
3005053;"Wielichowo (3)";6670;
3005054;"Wielichowo - miasto (4)";1648;
3005055;"Wielichowo - obszar wiejski (5)";5022;
3006000;"Powiat jarociński";69540;
3006013;"Jaraczewo (3)";7544;
3006014;"Jaraczewo - miasto (4)";1374;
3006015;"Jaraczewo - obszar wiejski (5)";6170;
3006023;"Jarocin (3)";45434;
3006024;"Jarocin - miasto (4)";26291;
3006025;"Jarocin - obszar wiejski (5)";19143;
3006032;"Kotlin (2)";6881;
3006043;"Żerków (3)";9681;
3006044;"Żerków - miasto (4)";2069;
3006045;"Żerków - obszar wiejski (5)";7612;
3007000;"Powiat kaliski";81950;
3007012;"Blizanów (2)";10058;
3007022;"Brzeziny (2)";5725;
3007032;"Ceków-Kolonia (2)";4708;
3007042;"Godziesze Wielkie (2)";10195;
3007053;"Koźminek (3)";7291;
3007054;"Koźminek - miasto (4)";1815;
3007055;"Koźminek - obszar wiejski (5)";5476;
3007062;"Lisków (2)";5072;
3007072;"Mycielin (2)";4623;
3007083;"Opatówek (3)";10603;
3007084;"Opatówek - miasto (4)";3481;
3007085;"Opatówek - obszar wiejski (5)";7122;
3007093;"Stawiszyn (3)";6571;
3007094;"Stawiszyn - miasto (4)";1353;
3007095;"Stawiszyn - obszar wiejski (5)";5218;
3007102;"Szczytniki (2)";7524;
3007112;"Żelazków (2)";9580;
3008000;"Powiat kępiński";55762;
3008012;"Baranów (2)";8289;
3008022;"Bralin (2)";6121;
3008033;"Kępno (3)";24040;
3008034;"Kępno - miasto (4)";13395;
3008035;"Kępno - obszar wiejski (5)";10645;
3008042;"Łęka Opatowska (2)";5129;
3008052;"Perzów (2)";3750;
3008063;"Rychtal (3)";3543;
3008064;"Rychtal - miasto (4)";1325;
3008065;"Rychtal - obszar wiejski (5)";2218;
3008072;"Trzcinica (2)";4890;
3009000;"Powiat kolski";80743;
3009011;"Koło (1)";19078;
3009022;"Babiak (2)";7236;
3009032;"Chodów (2)";2762;
3009043;"Dąbie (3)";5637;
3009044;"Dąbie - miasto (4)";1678;
3009045;"Dąbie - obszar wiejski (5)";3959;
3009052;"Grzegorzew (2)";5328;
3009063;"Kłodawa (3)";11699;
3009064;"Kłodawa - miasto (4)";5775;
3009065;"Kłodawa - obszar wiejski (5)";5924;
3009072;"Koło (2)";7996;
3009082;"Kościelec (2)";6784;
3009092;"Olszówka (2)";4093;
3009102;"Osiek Mały (2)";6288;
3009113;"Przedecz (3)";3842;
3009114;"Przedecz - miasto (4)";1493;
3009115;"Przedecz - obszar wiejski (5)";2349;
3010000;"Powiat koniński";128469;
3010013;"Golina (3)";12373;
3010014;"Golina - miasto (4)";4237;
3010015;"Golina - obszar wiejski (5)";8136;
3010022;"Grodziec (2)";4910;
3010032;"Kazimierz Biskupi (2)";11515;
3010043;"Kleczew (3)";9531;
3010044;"Kleczew - miasto (4)";3815;
3010045;"Kleczew - obszar wiejski (5)";5716;
3010052;"Kramsk (2)";11616;
3010062;"Krzymów (2)";8282;
3010073;"Rychwał (3)";7971;
3010074;"Rychwał - miasto (4)";2371;
3010075;"Rychwał - obszar wiejski (5)";5600;
3010082;"Rzgów (2)";7108;
3010092;"Skulsk (2)";5672;
3010103;"Sompolno (3)";10010;
3010104;"Sompolno - miasto (4)";3306;
3010105;"Sompolno - obszar wiejski (5)";6704;
3010112;"Stare Miasto (2)";12986;
3010123;"Ślesin (3)";13863;
3010124;"Ślesin - miasto (4)";3076;
3010125;"Ślesin - obszar wiejski (5)";10787;
3010132;"Wierzbinek (2)";6888;
3010142;"Wilczyn (2)";5744;
3011000;"Powiat kościański";76875;
3011011;"Kościan (1)";23110;
3011023;"Czempiń (3)";11442;
3011024;"Czempiń - miasto (4)";5072;
3011025;"Czempiń - obszar wiejski (5)";6370;
3011032;"Kościan (2)";15884;
3011043;"Krzywiń (3)";9441;
3011044;"Krzywiń - miasto (4)";1652;
3011045;"Krzywiń - obszar wiejski (5)";7789;
3011053;"Śmigiel (3)";16998;
3011054;"Śmigiel - miasto (4)";5592;
3011055;"Śmigiel - obszar wiejski (5)";11406;
3012000;"Powiat krotoszyński";74463;
3012011;"Sulmierzyce (1)";2708;
3012023;"Kobylin (3)";7643;
3012024;"Kobylin - miasto (4)";3195;
3012025;"Kobylin - obszar wiejski (5)";4448;
3012033;"Koźmin Wielkopolski (3)";12423;
3012034;"Koźmin Wielkopolski - miasto (4)";6047;
3012035;"Koźmin Wielkopolski - obszar wiejski (5)";6376;
3012043;"Krotoszyn (3)";39227;
3012044;"Krotoszyn - miasto (4)";28005;
3012045;"Krotoszyn - obszar wiejski (5)";11222;
3012052;"Rozdrażew (2)";4893;
3012063;"Zduny (3)";7569;
3012064;"Zduny - miasto (4)";4259;
3012065;"Zduny - obszar wiejski (5)";3310;
3013000;"Powiat leszczyński";60562;
3013012;"Krzemieniewo (2)";7724;
3013022;"Lipno (2)";10171;
3013033;"Osieczna (3)";9351;
3013034;"Osieczna - miasto (4)";2434;
3013035;"Osieczna - obszar wiejski (5)";6917;
3013043;"Rydzyna (3)";10706;
3013044;"Rydzyna - miasto (4)";2867;
3013045;"Rydzyna - obszar wiejski (5)";7839;
3013052;"Święciechowa (2)";8863;
3013062;"Wijewo (2)";3755;
3013072;"Włoszakowice (2)";9992;
3014000;"Powiat międzychodzki";35485;
3014012;"Chrzypsko Wielkie (2)";3177;
3014022;"Kwilcz (2)";6078;
3014033;"Międzychód (3)";17774;
3014034;"Międzychód - miasto (4)";9888;
3014035;"Międzychód - obszar wiejski (5)";7886;
3014043;"Sieraków (3)";8456;
3014044;"Sieraków - miasto (4)";5771;
3014045;"Sieraków - obszar wiejski (5)";2685;
3015000;"Powiat nowotomyski";75015;
3015012;"Kuślin (2)";5098;
3015023;"Lwówek (3)";8646;
3015024;"Lwówek - miasto (4)";2904;
3015025;"Lwówek - obszar wiejski (5)";5742;
3015032;"Miedzichowo (2)";3900;
3015043;"Nowy Tomyśl (3)";27837;
3015044;"Nowy Tomyśl - miasto (4)";13404;
3015045;"Nowy Tomyśl - obszar wiejski (5)";14433;
3015053;"Opalenica (3)";15845;
3015054;"Opalenica - miasto (4)";9203;
3015055;"Opalenica - obszar wiejski (5)";6642;
3015063;"Zbąszyń (3)";13689;
3015064;"Zbąszyń - miasto (4)";7006;
3015065;"Zbąszyń - obszar wiejski (5)";6683;
3016000;"Powiat obornicki";58657;
3016013;"Oborniki (3)";34009;
3016014;"Oborniki - miasto (4)";17087;
3016015;"Oborniki - obszar wiejski (5)";16922;
3016023;"Rogoźno (3)";17901;
3016024;"Rogoźno - miasto (4)";10694;
3016025;"Rogoźno - obszar wiejski (5)";7207;
3016032;"Ryczywół (2)";6747;
3017000;"Powiat ostrowski";157734;
3017011;"Ostrów Wielkopolski (1)";68637;
3017023;"Nowe Skalmierzyce (3)";16011;
3017024;"Nowe Skalmierzyce - miasto (4)";4546;
3017025;"Nowe Skalmierzyce - obszar wiejski (5)";11465;
3017033;"Odolanów (3)";14434;
3017034;"Odolanów - miasto (4)";4909;
3017035;"Odolanów - obszar wiejski (5)";9525;
3017042;"Ostrów Wielkopolski (2)";19448;
3017052;"Przygodzice (2)";12412;
3017063;"Raszków (3)";11388;
3017064;"Raszków - miasto (4)";2079;
3017065;"Raszków - obszar wiejski (5)";9309;
3017072;"Sieroszewice (2)";9251;
3017082;"Sośnie (2)";6153;
3018000;"Powiat ostrzeszowski";54319;
3018012;"Czajków (2)";2432;
3018022;"Doruchów (2)";5034;
3018033;"Grabów nad Prosną (3)";7706;
3018034;"Grabów nad Prosną - miasto (4)";1903;
3018035;"Grabów nad Prosną - obszar wiejski (5)";5803;
3018042;"Kobyla Góra (2)";6262;
3018052;"Kraszewice (2)";3518;
3018063;"Mikstat (3)";5767;
3018064;"Mikstat - miasto (4)";1669;
3018065;"Mikstat - obszar wiejski (5)";4098;
3018073;"Ostrzeszów (3)";23600;
3018074;"Ostrzeszów - miasto (4)";13451;
3018075;"Ostrzeszów - obszar wiejski (5)";10149;
3019000;"Powiat pilski";129629;
3019011;"Piła (1)";69383;
3019022;"Białośliwie (2)";4532;
3019033;"Kaczory (3)";7429;
3019034;"Kaczory - miasto (4)";2756;
3019035;"Kaczory - obszar wiejski (5)";4673;
3019043;"Łobżenica (3)";8932;
3019044;"Łobżenica - miasto (4)";2747;
3019045;"Łobżenica - obszar wiejski (5)";6185;
3019053;"Miasteczko Krajeńskie (3)";3025;
3019054;"Miasteczko Krajeńskie - miasto (4)";1063;
3019055;"Miasteczko Krajeńskie - obszar wiejski (5)";1962;
3019062;"Szydłowo (2)";9885;
3019073;"Ujście (3)";7527;
3019074;"Ujście - miasto (4)";3310;
3019075;"Ujście - obszar wiejski (5)";4217;
3019083;"Wyrzysk (3)";12939;
3019084;"Wyrzysk - miasto (4)";5063;
3019085;"Wyrzysk - obszar wiejski (5)";7876;
3019093;"Wysoka (3)";5977;
3019094;"Wysoka - miasto (4)";2480;
3019095;"Wysoka - obszar wiejski (5)";3497;
3020000;"Powiat pleszewski";60871;
3020013;"Chocz (3)";4342;
3020014;"Chocz - miasto (4)";1609;
3020015;"Chocz - obszar wiejski (5)";2733;
3020022;"Czermin (2)";4777;
3020033;"Dobrzyca (3)";7542;
3020034;"Dobrzyca - miasto (4)";2906;
3020035;"Dobrzyca - obszar wiejski (5)";4636;
3020042;"Gizałki (2)";4393;
3020052;"Gołuchów (2)";11023;
3020063;"Pleszew (3)";28794;
3020064;"Pleszew - miasto (4)";16499;
3020065;"Pleszew - obszar wiejski (5)";12295;
3021000;"Powiat poznański";454283;
3021011;"Luboń (1)";32829;
3021021;"Puszczykowo (1)";9190;
3021033;"Buk (3)";12948;
3021034;"Buk - miasto (4)";5471;
3021035;"Buk - obszar wiejski (5)";7477;
3021042;"Czerwonak (2)";28194;
3021052;"Dopiewo (2)";36602;
3021062;"Kleszczewo (2)";12028;
3021072;"Komorniki (2)";37073;
3021083;"Kostrzyn (3)";20612;
3021084;"Kostrzyn - miasto (4)";9851;
3021085;"Kostrzyn - obszar wiejski (5)";10761;
3021093;"Kórnik (3)";37858;
3021094;"Kórnik - miasto (4)";8110;
3021095;"Kórnik - obszar wiejski (5)";29748;
3021103;"Mosina (3)";35714;
3021104;"Mosina - miasto (4)";14493;
3021105;"Mosina - obszar wiejski (5)";21221;
3021113;"Murowana Goślina (3)";17054;
3021114;"Murowana Goślina - miasto (4)";10260;
3021115;"Murowana Goślina - obszar wiejski (5)";6794;
3021123;"Pobiedziska (3)";21470;
3021124;"Pobiedziska - miasto (4)";9899;
3021125;"Pobiedziska - obszar wiejski (5)";11571;
3021132;"Rokietnica (2)";24824;
3021143;"Stęszew (3)";15560;
3021144;"Stęszew - miasto (4)";5857;
3021145;"Stęszew - obszar wiejski (5)";9703;
3021152;"Suchy Las (2)";21021;
3021163;"Swarzędz (3)";57070;
3021164;"Swarzędz - miasto (4)";27934;
3021165;"Swarzędz - obszar wiejski (5)";29136;
3021172;"Tarnowo Podgórne (2)";34236;
3022000;"Powiat rawicki";58338;
3022013;"Bojanowo (3)";8128;
3022014;"Bojanowo - miasto (4)";2782;
3022015;"Bojanowo - obszar wiejski (5)";5346;
3022023;"Jutrosin (3)";6867;
3022024;"Jutrosin - miasto (4)";1839;
3022025;"Jutrosin - obszar wiejski (5)";5028;
3022033;"Miejska Górka (3)";8731;
3022034;"Miejska Górka - miasto (4)";3029;
3022035;"Miejska Górka - obszar wiejski (5)";5702;
3022042;"Pakosław (2)";4780;
3022053;"Rawicz (3)";29832;
3022054;"Rawicz - miasto (4)";19482;
3022055;"Rawicz - obszar wiejski (5)";10350;
3023000;"Powiat słupecki";56994;
3023011;"Słupca (1)";12802;
3023022;"Lądek (2)";5421;
3023032;"Orchowo (2)";3566;
3023042;"Ostrowite (2)";4728;
3023052;"Powidz (2)";2219;
3023062;"Słupca (2)";9988;
3023072;"Strzałkowo (2)";9875;
3023083;"Zagórów (3)";8395;
3023084;"Zagórów - miasto (4)";2712;
3023085;"Zagórów - obszar wiejski (5)";5683;
3024000;"Powiat szamotulski";91631;
3024011;"Obrzycko (1)";2383;
3024022;"Duszniki (2)";9669;
3024032;"Kaźmierz (2)";9582;
3024042;"Obrzycko (2)";4417;
3024053;"Ostroróg (3)";4741;
3024054;"Ostroróg - miasto (4)";1821;
3024055;"Ostroróg - obszar wiejski (5)";2920;
3024063;"Pniewy (3)";12302;
3024064;"Pniewy - miasto (4)";8039;
3024065;"Pniewy - obszar wiejski (5)";4263;
3024073;"Szamotuły (3)";29928;
3024074;"Szamotuły - miasto (4)";18053;
3024075;"Szamotuły - obszar wiejski (5)";11875;
3024083;"Wronki (3)";18609;
3024084;"Wronki - miasto (4)";10382;
3024085;"Wronki - obszar wiejski (5)";8227;
3025000;"Powiat średzki";60058;
3025012;"Dominowo (2)";3485;
3025022;"Krzykosy (2)";7408;
3025032;"Nowe Miasto nad Wartą (2)";8504;
3025043;"Środa Wielkopolska (3)";33696;
3025044;"Środa Wielkopolska - miasto (4)";24312;
3025045;"Środa Wielkopolska - obszar wiejski (5)";9384;
3025052;"Zaniemyśl (2)";6965;
3026000;"Powiat śremski";60939;
3026012;"Brodnica (2)";4727;
3026023;"Dolsk (3)";5784;
3026024;"Dolsk - miasto (4)";1537;
3026025;"Dolsk - obszar wiejski (5)";4247;
3026033;"Książ Wielkopolski (3)";7992;
3026034;"Książ Wielkopolski - miasto (4)";2924;
3026035;"Książ Wielkopolski - obszar wiejski (5)";5068;
3026043;"Śrem (3)";42436;
3026044;"Śrem - miasto (4)";27488;
3026045;"Śrem - obszar wiejski (5)";14948;
3027000;"Powiat turecki";80513;
3027011;"Turek (1)";24165;
3027022;"Brudzew (2)";5847;
3027033;"Dobra (3)";5754;
3027034;"Dobra - miasto (4)";1307;
3027035;"Dobra - obszar wiejski (5)";4447;
3027042;"Kawęczyn (2)";4892;
3027052;"Malanów (2)";6435;
3027062;"Przykona (2)";4619;
3027073;"Tuliszków (3)";10102;
3027074;"Tuliszków - miasto (4)";2983;
3027075;"Tuliszków - obszar wiejski (5)";7119;
3027082;"Turek (2)";10852;
3027092;"Władysławów (2)";7847;
3028000;"Powiat wągrowiecki";68899;
3028011;"Wągrowiec (1)";25371;
3028022;"Damasławek (2)";4923;
3028033;"Gołańcz (3)";7660;
3028034;"Gołańcz - miasto (4)";3140;
3028035;"Gołańcz - obszar wiejski (5)";4520;
3028043;"Mieścisko (3)";5637;
3028044;"Mieścisko - miasto (4)";2399;
3028045;"Mieścisko - obszar wiejski (5)";3238;
3028053;"Skoki (3)";10264;
3028054;"Skoki - miasto (4)";4819;
3028055;"Skoki - obszar wiejski (5)";5445;
3028062;"Wapno (2)";2689;
3028072;"Wągrowiec (2)";12355;
3029000;"Powiat wolsztyński";56446;
3029012;"Przemęt (2)";13955;
3029022;"Siedlec (2)";12411;
3029033;"Wolsztyn (3)";30080;
3029034;"Wolsztyn - miasto (4)";11762;
3029035;"Wolsztyn - obszar wiejski (5)";18318;
3030000;"Powiat wrzesiński";78199;
3030012;"Kołaczkowo (2)";5485;
3030023;"Miłosław (3)";9760;
3030024;"Miłosław - miasto (4)";3384;
3030025;"Miłosław - obszar wiejski (5)";6376;
3030033;"Nekla (3)";8021;
3030034;"Nekla - miasto (4)";3858;
3030035;"Nekla - obszar wiejski (5)";4163;
3030043;"Pyzdry (3)";6452;
3030044;"Pyzdry - miasto (4)";2911;
3030045;"Pyzdry - obszar wiejski (5)";3541;
3030053;"Września (3)";48481;
3030054;"Września - miasto (4)";31727;
3030055;"Września - obszar wiejski (5)";16754;
3031000;"Powiat złotowski";66975;
3031011;"Złotów (1)";18005;
3031023;"Jastrowie (3)";10726;
3031024;"Jastrowie - miasto (4)";8199;
3031025;"Jastrowie - obszar wiejski (5)";2527;
3031033;"Krajenka (3)";7348;
3031034;"Krajenka - miasto (4)";3439;
3031035;"Krajenka - obszar wiejski (5)";3909;
3031042;"Lipka (2)";5262;
3031053;"Okonek (3)";7802;
3031054;"Okonek - miasto (4)";3569;
3031055;"Okonek - obszar wiejski (5)";4233;
3031062;"Tarnówka (2)";2982;
3031072;"Zakrzewo (2)";4776;
3031082;"Złotów (2)";10074;
3061000;"Powiat m. Kalisz";91963;
3061011;"Kalisz (1)";91963;
3062000;"Powiat m. Konin";66103;
3062011;"Konin (1)";66103;
3063000;"Powiat m. Leszno";59521;
3063011;"Leszno (1)";59521;
3064000;"Powiat m. Poznań";536151;
3064011;"Poznań (1)";536151;
3200000;"ZACHODNIOPOMORSKIE";1622760;
3201000;"Powiat białogardzki";43964;
3201011;"Białogard (1)";22159;
3201022;"Białogard (2)";7225;
3201033;"Karlino (3)";8421;
3201034;"Karlino - miasto (4)";5436;
3201035;"Karlino - obszar wiejski (5)";2985;
3201043;"Tychowo (3)";6159;
3201044;"Tychowo - miasto (4)";2317;
3201045;"Tychowo - obszar wiejski (5)";3842;
3202000;"Powiat choszczeński";44105;
3202012;"Bierzwnik (2)";4311;
3202023;"Choszczno (3)";19982;
3202024;"Choszczno - miasto (4)";13791;
3202025;"Choszczno - obszar wiejski (5)";6191;
3202033;"Drawno (3)";4556;
3202034;"Drawno - miasto (4)";2147;
3202035;"Drawno - obszar wiejski (5)";2409;
3202042;"Krzęcin (2)";3226;
3202053;"Pełczyce (3)";7121;
3202054;"Pełczyce - miasto (4)";2374;
3202055;"Pełczyce - obszar wiejski (5)";4747;
3202063;"Recz (3)";4909;
3202064;"Recz - miasto (4)";2632;
3202065;"Recz - obszar wiejski (5)";2277;
3203000;"Powiat drawski";53003;
3203013;"Czaplinek (3)";11042;
3203014;"Czaplinek - miasto (4)";6604;
3203015;"Czaplinek - obszar wiejski (5)";4438;
3203023;"Drawsko Pomorskie (3)";16151;
3203024;"Drawsko Pomorskie - miasto (4)";11123;
3203025;"Drawsko Pomorskie - obszar wiejski (5)";5028;
3203033;"Kalisz Pomorski (3)";6773;
3203034;"Kalisz Pomorski - miasto (4)";4013;
3203035;"Kalisz Pomorski - obszar wiejski (5)";2760;
3203052;"Wierzchowo (2)";4003;
3203063;"Złocieniec (3)";15034;
3203064;"Złocieniec - miasto (4)";11906;
3203065;"Złocieniec - obszar wiejski (5)";3128;
3204000;"Powiat goleniowski";81118;
3204023;"Goleniów (3)";37053;
3204024;"Goleniów - miasto (4)";21315;
3204025;"Goleniów - obszar wiejski (5)";15738;
3204033;"Maszewo (3)";8504;
3204034;"Maszewo - miasto (4)";3301;
3204035;"Maszewo - obszar wiejski (5)";5203;
3204043;"Nowogard (3)";23214;
3204044;"Nowogard - miasto (4)";15549;
3204045;"Nowogard - obszar wiejski (5)";7665;
3204052;"Osina (2)";2879;
3204062;"Przybiernów (2)";4795;
3204073;"Stepnica (3)";4673;
3204074;"Stepnica - miasto (4)";2502;
3204075;"Stepnica - obszar wiejski (5)";2171;
3205000;"Powiat gryficki";56095;
3205012;"Brojce (2)";3481;
3205023;"Gryfice (3)";22598;
3205024;"Gryfice - miasto (4)";15277;
3205025;"Gryfice - obszar wiejski (5)";7321;
3205032;"Karnice (2)";3647;
3205043;"Płoty (3)";8004;
3205044;"Płoty - miasto (4)";3684;
3205045;"Płoty - obszar wiejski (5)";4320;
3205072;"Rewal (2)";3621;
3205083;"Trzebiatów (3)";14744;
3205084;"Trzebiatów - miasto (4)";9279;
3205085;"Trzebiatów - obszar wiejski (5)";5465;
3206000;"Powiat gryfiński";76489;
3206012;"Banie (2)";5705;
3206023;"Cedynia (3)";3932;
3206024;"Cedynia - miasto (4)";1450;
3206025;"Cedynia - obszar wiejski (5)";2482;
3206033;"Chojna (3)";13061;
3206034;"Chojna - miasto (4)";7320;
3206035;"Chojna - obszar wiejski (5)";5741;
3206043;"Gryfino (3)";29929;
3206044;"Gryfino - miasto (4)";19564;
3206045;"Gryfino - obszar wiejski (5)";10365;
3206053;"Mieszkowice (3)";6458;
3206054;"Mieszkowice - miasto (4)";3317;
3206055;"Mieszkowice - obszar wiejski (5)";3141;
3206063;"Moryń (3)";4061;
3206064;"Moryń - miasto (4)";1611;
3206065;"Moryń - obszar wiejski (5)";2450;
3206072;"Stare Czarnowo (2)";3628;
3206083;"Trzcińsko-Zdrój (3)";4774;
3206084;"Trzcińsko-Zdrój - miasto (4)";2129;
3206085;"Trzcińsko-Zdrój - obszar wiejski (5)";2645;
3206092;"Widuchowa (2)";4941;
3207000;"Powiat kamieński";43773;
3207013;"Dziwnów (3)";3517;
3207014;"Dziwnów - miasto (4)";2282;
3207015;"Dziwnów - obszar wiejski (5)";1235;
3207023;"Golczewo (3)";5469;
3207024;"Golczewo - miasto (4)";2493;
3207025;"Golczewo - obszar wiejski (5)";2976;
3207033;"Kamień Pomorski (3)";13296;
3207034;"Kamień Pomorski - miasto (4)";8136;
3207035;"Kamień Pomorski - obszar wiejski (5)";5160;
3207043;"Międzyzdroje (3)";5957;
3207044;"Międzyzdroje - miasto (4)";4826;
3207045;"Międzyzdroje - obszar wiejski (5)";1131;
3207052;"Świerzno (2)";3941;
3207063;"Wolin (3)";11593;
3207064;"Wolin - miasto (4)";4607;
3207065;"Wolin - obszar wiejski (5)";6986;
3208000;"Powiat kołobrzeski";76390;
3208011;"Kołobrzeg (1)";43229;
3208022;"Dygowo (2)";5299;
3208033;"Gościno (3)";5357;
3208034;"Gościno - miasto (4)";2769;
3208035;"Gościno - obszar wiejski (5)";2588;
3208042;"Kołobrzeg (2)";11172;
3208052;"Rymań (2)";3620;
3208062;"Siemyśl (2)";4019;
3208072;"Ustronie Morskie (2)";3694;
3209000;"Powiat koszaliński";64359;
3209012;"Będzino (2)";8591;
3209022;"Biesiekierz (2)";6787;
3209033;"Bobolice (3)";8099;
3209034;"Bobolice - miasto (4)";3641;
3209035;"Bobolice - obszar wiejski (5)";4458;
3209042;"Manowo (2)";5687;
3209053;"Mielno (3)";4599;
3209054;"Mielno - miasto (4)";2713;
3209055;"Mielno - obszar wiejski (5)";1886;
3209063;"Polanów (3)";7905;
3209064;"Polanów - miasto (4)";2798;
3209065;"Polanów - obszar wiejski (5)";5107;
3209073;"Sianów (3)";14033;
3209074;"Sianów - miasto (4)";6692;
3209075;"Sianów - obszar wiejski (5)";7341;
3209082;"Świeszyno (2)";8658;
3210000;"Powiat myśliborski";61756;
3210013;"Barlinek (3)";18162;
3210014;"Barlinek - miasto (4)";12801;
3210015;"Barlinek - obszar wiejski (5)";5361;
3210022;"Boleszkowice (2)";2727;
3210033;"Dębno (3)";19136;
3210034;"Dębno - miasto (4)";12769;
3210035;"Dębno - obszar wiejski (5)";6367;
3210043;"Myślibórz (3)";18448;
3210044;"Myślibórz - miasto (4)";10321;
3210045;"Myślibórz - obszar wiejski (5)";8127;
3210052;"Nowogródek Pomorski (2)";3283;
3211000;"Powiat policki";86834;
3211012;"Dobra (Szczecińska) (2)";30869;
3211022;"Kołbaskowo (2)";15595;
3211033;"Nowe Warpno (3)";1520;
3211034;"Nowe Warpno - miasto (4)";1044;
3211035;"Nowe Warpno - obszar wiejski (5)";476;
3211043;"Police (3)";38850;
3211044;"Police - miasto (4)";29286;
3211045;"Police - obszar wiejski (5)";9564;
3212000;"Powiat pyrzycki";35991;
3212012;"Bielice (2)";2919;
3212022;"Kozielice (2)";2314;
3212033;"Lipiany (3)";5360;
3212034;"Lipiany - miasto (4)";3732;
3212035;"Lipiany - obszar wiejski (5)";1628;
3212042;"Przelewice (2)";4452;
3212053;"Pyrzyce (3)";17948;
3212054;"Pyrzyce - miasto (4)";11665;
3212055;"Pyrzyce - obszar wiejski (5)";6283;
3212062;"Warnice (2)";2998;
3213000;"Powiat sławieński";52394;
3213011;"Darłowo (1)";12370;
3213021;"Sławno (1)";11620;
3213032;"Darłowo (2)";7543;
3213042;"Malechowo (2)";5858;
3213052;"Postomino (2)";6712;
3213062;"Sławno (2)";8291;
3214000;"Powiat stargardzki";118844;
3214011;"Stargard (1)";66077;
3214023;"Chociwel (3)";5413;
3214024;"Chociwel - miasto (4)";2941;
3214025;"Chociwel - obszar wiejski (5)";2472;
3214033;"Dobrzany (3)";4476;
3214034;"Dobrzany - miasto (4)";2145;
3214035;"Dobrzany - obszar wiejski (5)";2331;
3214042;"Dolice (2)";7001;
3214053;"Ińsko (3)";3037;
3214054;"Ińsko - miasto (4)";1750;
3214055;"Ińsko - obszar wiejski (5)";1287;
3214062;"Kobylanka (2)";6746;
3214082;"Marianowo (2)";2866;
3214092;"Stara Dąbrowa (2)";3513;
3214102;"Stargard (2)";15679;
3214113;"Suchań (3)";4036;
3214114;"Suchań - miasto (4)";1397;
3214115;"Suchań - obszar wiejski (5)";2639;
3215000;"Powiat szczecinecki";72023;
3215011;"Szczecinek (1)";37250;
3215023;"Barwice (3)";7697;
3215024;"Barwice - miasto (4)";3407;
3215025;"Barwice - obszar wiejski (5)";4290;
3215033;"Biały Bór (3)";4904;
3215034;"Biały Bór - miasto (4)";2074;
3215035;"Biały Bór - obszar wiejski (5)";2830;
3215043;"Borne Sulinowo (3)";9128;
3215044;"Borne Sulinowo - miasto (4)";4801;
3215045;"Borne Sulinowo - obszar wiejski (5)";4327;
3215052;"Grzmiąca (2)";4234;
3215062;"Szczecinek (2)";8810;
3216000;"Powiat świdwiński";42754;
3216011;"Świdwin (1)";14411;
3216022;"Brzeżno (2)";2526;
3216033;"Połczyn-Zdrój (3)";13532;
3216034;"Połczyn-Zdrój - miasto (4)";7138;
3216035;"Połczyn-Zdrój - obszar wiejski (5)";6394;
3216042;"Rąbino (2)";3231;
3216052;"Sławoborze (2)";3783;
3216062;"Świdwin (2)";5271;
3217000;"Powiat wałecki";49384;
3217011;"Wałcz (1)";23243;
3217023;"Człopa (3)";4476;
3217024;"Człopa - miasto (4)";2111;
3217025;"Człopa - obszar wiejski (5)";2365;
3217033;"Mirosławiec (3)";5235;
3217034;"Mirosławiec - miasto (4)";2964;
3217035;"Mirosławiec - obszar wiejski (5)";2271;
3217043;"Tuczno (3)";4390;
3217044;"Tuczno - miasto (4)";1757;
3217045;"Tuczno - obszar wiejski (5)";2633;
3217052;"Wałcz (2)";12040;
3218000;"Powiat łobeski";32974;
3218013;"Dobra (3)";3838;
3218014;"Dobra - miasto (4)";2003;
3218015;"Dobra - obszar wiejski (5)";1835;
3218023;"Łobez (3)";12658;
3218024;"Łobez - miasto (4)";9418;
3218025;"Łobez - obszar wiejski (5)";3240;
3218032;"Radowo Małe (2)";3148;
3218043;"Resko (3)";7083;
3218044;"Resko - miasto (4)";3818;
3218045;"Resko - obszar wiejski (5)";3265;
3218053;"Węgorzyno (3)";6247;
3218054;"Węgorzyno - miasto (4)";2590;
3218055;"Węgorzyno - obszar wiejski (5)";3657;
3261000;"Powiat m. Koszalin";105263;
3261011;"Koszalin (1)";105263;
3262000;"Powiat m. Szczecin";386706;
3262011;"Szczecin (1)";386706;
3263000;"Powiat m. Świnoujście";38541;
3263011;"Świnoujście (1)";38541;
